,joinid,G18USSCAAL,G18USSDWIL,G18USSIMCC,G18USSLBOW,G18USSOWRI,G18USSRROM
0,1-Beaver 1,19,46,8,9,1,402
1,1-Beaver 2,17,46,3,10,0,310
2,1-Beaver 3,12,30,0,2,2,244
3,1-Beaver 4,23,7,1,4,0,84
4,1-Greenville,1,9,6,1,1,56
5,1-Milford 1,0,23,0,6,0,38
6,1-Milford 2,18,102,3,7,3,182
7,1-Milford 3,8,16,1,3,1,61
8,1-Minersville,40,19,8,3,1,243
9,10-01 Moab 1:70,7,200,3,7,0,100
10,10-02 Moab 2:69,14,404,4,29,0,397
11,10-03 Moab 2:70,0,18,0,0,0,0
12,10-04 Moab 3:70,0,81,2,4,0,95
13,10-05 Moab 4:69,0,0,0,0,0,0
14,10-06 Moab 4:70,22,310,6,19,0,244
15,10-07 Moab 5:69,0,0,0,0,0,0
16,10-08 Moab 5:70,7,261,4,8,0,222
17,10-09 Thompson 6:69,0,10,0,1,0,17
18,10-10 Thompson 6:70,0,1,0,0,0,0
19,10-11 Green River 7:69,0,2,1,0,0,8
20,10-12 Green River 7:70,0,2,0,0,0,4
21,10-13 Castle Valley 8:69,5,158,2,6,0,83
22,10-14 Moab 9:69,3,41,9,0,0,59
23,10-15 Moab 9:70,16,206,10,12,0,183
24,10-16 Moab 10:70,6,195,6,11,0,196
25,10-17 Moab 11:69,9,178,8,11,0,251
26,10-18 Moab 11:70,7,71,4,2,0,76
27,11-BH,3,21,1,1,0,49
28,11-BRYL,7,22,5,11,0,97
29,11-CC01,19,127,4,14,2,389
30,11-CC02,18,103,3,27,1,347
31,11-CC03,24,117,7,17,1,270
32,11-CC04,13,80,3,17,2,176
33,11-CC05,25,125,8,32,3,343
34,11-CC06,25,143,11,17,1,337
35,11-CC07,5,60,2,12,2,166
36,11-CC08,6,38,1,3,0,123
37,11-CC09,10,51,0,12,1,146
38,11-CC10,5,38,2,6,0,117
39,11-CC11,5,34,1,6,0,82
40,11-CC12,1,48,1,9,1,112
41,11-CC13,9,74,1,11,2,165
42,11-CC14,7,42,3,8,0,253
43,11-CC15,15,81,5,10,0,258
44,11-CC16,44,141,11,31,0,544
45,11-CC17,10,63,5,17,1,187
46,11-CC18,42,105,5,15,5,547
47,11-CC19,30,135,5,16,3,583
48,11-CC20,87,167,23,45,10,779
49,11-CC21,14,48,2,12,2,178
50,11-CC22,7,43,3,8,1,269
51,11-CC23,15,62,4,12,3,252
52,11-CC24,17,52,2,9,2,347
53,11-CC25,75,155,16,44,2,637
54,11-CH1,3,13,0,1,0,49
55,11-ENO1,5,25,0,9,0,85
56,11-ENO2,50,83,9,34,4,404
57,11-ENO3,60,116,22,32,7,584
58,11-ENO4,53,75,11,30,2,524
59,11-IRON UT,866,2846,206,597,68,11286
60,11-KANARR,13,52,1,6,3,202
61,11-MIDV,37,73,3,26,0,262
62,11-MODE,2,4,1,1,0,13
63,11-NEWCSL,5,9,3,5,2,112
64,11-PARAGO,12,29,6,4,0,188
65,11-PARN,33,75,3,14,1,498
66,11-PARS,44,88,10,8,3,384
67,11-PARV,3,14,1,3,0,113
68,11-SUM,8,15,2,2,1,115
69,12-CA11,10,5,0,0,0,22
70,12-EU.1,7,21,4,3,0,31
71,12-EU.2,7,28,0,3,0,59
72,12-EU.3,5,25,0,1,0,57
73,12-EU.4,4,16,3,4,0,24
74,12-EU.5,3,4,1,0,0,22
75,12-LE06.1,8,39,5,6,0,278
76,12-LE06.2,8,2,2,1,0,45
77,12-MO05,35,72,8,14,0,676
78,12-NE01.4,5,48,3,3,0,254
79,12-NE01.5,5,17,1,1,0,151
80,12-NE02.3,4,3,0,2,0,37
81,12-NE02.4,11,35,4,10,0,301
82,12-NE02.5,3,1,0,1,123,9
83,12-NE03.2,11,26,8,3,0,252
84,12-NE03.3,4,15,3,2,0,99
85,12-NE04,13,54,1,5,0,452
86,12-NE05,11,62,5,10,0,339
87,12-RR13,58,11,3,12,0,98
88,13-AL,0,6,2,0,0,55
89,13-BU,0,4,1,3,0,6
90,13-BW,11,44,5,6,0,84
91,13-CM,5,26,0,4,0,116
92,13-CW:B,5,6,0,2,0,28
93,13-CW:C,6,6,0,0,0,6
94,13-GL,14,14,0,7,0,143
95,13-K1,8,70,4,4,0,243
96,13-K2,11,189,3,17,2,340
97,13-K3,11,133,4,17,1,483
98,13-K4,22,220,15,21,2,405
99,13-OR,16,28,4,8,1,226
100,13-TOTALS,109,746,38,89,6,2135
101,14-Abraham 14,7,1,3,2,2,44
102,14-Delta 17,43,74,7,13,0,465
103,14-Delta 18,46,90,8,17,2,538
104,14-Deseret-Oasis 05,17,21,4,13,3,200
105,14-Fillmore 01,12,54,4,6,1,485
106,14-Fillmore 02,16,52,2,4,0,277
107,14-Flowell 25,5,11,0,3,2,85
108,14-Garrison 16,6,1,0,1,0,45
109,14-Hinckley 11,18,30,5,2,1,208
110,14-Holden 08,5,14,3,5,2,203
111,14-Kanosh 04,31,48,3,5,0,196
112,14-Leamington 07,5,17,0,1,1,96
113,14-Lynndyl 19,5,8,1,0,0,42
114,14-Meadow 03,10,16,2,4,0,130
115,14-Oak City 06,31,24,10,6,2,268
116,14-Scipio 09,8,27,0,0,0,139
117,14-Sutherland 20,19,24,3,8,3,251
118,15-Canyon Creek 7.3,10,20,2,3,1,232
119,15-Canyon Creek 8.3,6,23,0,7,2,226
120,15-Canyon Creek 9.3,12,39,2,13,0,269
121,15-City 10.4,11,43,0,18,1,319
122,15-City 11.4,9,37,4,8,0,148
123,15-City 12.4,9,45,3,9,0,301
124,15-Croydon 15.5,11,6,0,4,0,65
125,15-Mountain Green 1.1,20,79,5,10,3,307
126,15-Mountain Green 2.1,11,70,1,6,0,375
127,15-Mountain Green 3.1,15,28,4,7,5,239
128,15-No Mogan 13.5,15,39,8,6,3,444
129,15-No Mogan 14.5,14,45,7,5,0,304
130,15-Peterson 4.2,10,52,2,10,0,509
131,15-Peterson 5.2,8,34,9,9,0,187
132,15-Peterson 6.2,17,40,2,9,3,219
133,16-Circleville 3-3,6,11,1,2,0,85
134,16-Circleville 3-5,16,4,1,3,0,82
135,16-Greenwich 5,1,9,0,0,0,38
136,16-Junction 2,2,13,3,4,0,72
137,16-Kingston 4,12,10,0,0,1,82
138,16-Marysvale 1-1,24,22,3,11,1,118
139,16-Marysvale 1-2,1,8,0,1,0,47
140,17-1,6,15,0,4,0,159
141,17-2,9,24,1,1,0,207
142,17-3,5,21,2,12,0,257
143,17-4,8,30,1,2,0,159
144,17-5,5,34,1,5,0,129
145,18-ALT001,1,99,1,3,0,24
146,18-BLF001,26,148,13,29,0,735
147,18-BLF003,26,232,8,22,3,687
148,18-BLF004,23,128,4,20,0,696
149,18-BLF005,3,4,0,0,0,15
150,18-BLF006,12,357,7,26,4,795
151,18-BLF007,36,131,9,16,0,665
152,18-BRT901,0,174,5,3,1,60
153,18-BRT902,0,1,0,0,0,2
154,18-CBL001,9,96,2,3,1,111
155,18-CBL002,5,70,0,4,0,93
156,18-CCN001,0,2,0,0,0,1
157,18-COP001,13,160,3,16,3,148
158,18-COT001,9,450,6,17,2,373
159,18-COT003,11,250,1,7,0,213
160,18-COT004,18,379,8,22,1,333
161,18-COT007,3,140,2,5,0,136
162,18-COT008,6,232,2,3,1,258
163,18-COT009,6,195,2,6,1,259
164,18-COT011,3,317,3,10,0,353
165,18-COT012,12,339,4,27,3,332
166,18-COT013,8,245,5,11,0,320
167,18-COT014,5,162,1,3,0,164
168,18-COT015,7,178,5,9,0,258
169,18-COT016,11,287,3,8,2,281
170,18-COT017,3,193,5,11,0,250
171,18-COT018,7,262,3,19,2,202
172,18-COT019,4,277,3,6,1,214
173,18-COT020,4,295,5,8,2,254
174,18-COT021,14,286,8,7,2,247
175,18-COT022,7,306,4,7,0,308
176,18-COT023,12,353,2,7,0,224
177,18-COT024,12,288,4,8,0,187
178,18-COT025,4,268,3,9,0,189
179,18-COT026,4,234,7,13,0,181
180,18-COT027,3,185,1,12,1,296
181,18-COT028,8,105,4,5,0,285
182,18-COT029,10,315,1,9,0,219
183,18-COT030,3,121,0,8,0,240
184,18-COT031,10,141,1,5,0,201
185,18-COT033,9,342,4,17,1,280
186,18-COT034,15,327,2,19,1,413
187,18-COT036,6,395,0,14,0,290
188,18-COT037,4,245,2,10,0,222
189,18-COT038,0,14,0,0,0,24
190,18-COT039,1,27,0,1,0,45
191,18-DRP002,10,348,13,27,1,622
192,18-DRP003,12,336,8,23,1,570
193,18-DRP004,9,317,2,17,5,568
194,18-DRP006,12,205,1,12,0,333
195,18-DRP007,11,217,12,39,4,330
196,18-DRP008,6,64,7,2,0,264
197,18-DRP009,13,285,13,34,3,474
198,18-DRP010,12,262,8,15,0,545
199,18-DRP011,21,158,8,13,1,675
200,18-DRP013,5,195,8,15,6,673
201,18-DRP015,15,207,5,15,3,712
202,18-DRP017,13,155,5,13,1,676
203,18-DRP019,10,201,4,12,2,663
204,18-DRP020,18,160,4,8,3,584
205,18-DRP024,19,217,6,25,1,623
206,18-DRP025,6,305,1,12,0,484
207,18-DRP027,22,367,12,26,2,580
208,18-DRP028,6,250,10,13,2,468
209,18-DRP029,14,226,2,9,1,609
210,18-DRP030,14,213,1,15,1,348
211,18-DRP031,16,206,13,20,2,627
212,18-DRP032,0,37,1,1,2,76
213,18-EMG001,5,703,1,22,0,222
214,18-FUR001,0,0,0,0,0,0
215,18-GNT001,1,58,2,6,2,60
216,18-GNT004,10,91,1,8,0,128
217,18-GNT006,3,59,2,7,1,142
218,18-GSL001,0,6,0,0,0,8
219,18-HER001,18,356,18,49,2,796
220,18-HER002,14,225,9,25,0,663
221,18-HER003,0,35,1,3,0,18
222,18-HER004,12,147,10,10,3,455
223,18-HER005,62,219,15,23,2,755
224,18-HER006,25,85,0,16,0,379
225,18-HER007,7,85,6,4,0,252
226,18-HER008,14,112,1,14,1,413
227,18-HER009,11,101,7,13,1,345
228,18-HER010,14,142,5,11,1,436
229,18-HER011,6,69,1,5,0,172
230,18-HER012,31,237,11,36,3,655
231,18-HER013,37,146,7,29,1,768
232,18-HER014,14,203,1,12,1,776
233,18-HER015,24,294,9,32,3,709
234,18-HER016,0,7,0,4,0,40
235,18-HER017,21,153,10,21,1,543
236,18-HER018,0,15,1,3,1,108
237,18-HER019,17,356,15,37,2,687
238,18-HER020,7,48,4,6,0,171
239,18-HER022,0,20,2,4,0,120
240,18-HER024,6,61,1,10,0,129
241,18-HER025,0,1,0,1,2,21
242,18-HOL001,8,302,4,13,1,381
243,18-HOL003,1,237,2,17,0,311
244,18-HOL004,2,157,3,7,0,243
245,18-HOL005,5,228,8,10,4,251
246,18-HOL006,5,223,4,8,0,426
247,18-HOL007,8,208,1,6,1,354
248,18-HOL008,8,238,1,13,0,305
249,18-HOL009,11,154,2,6,0,199
250,18-HOL010,6,277,4,4,0,334
251,18-HOL011,2,272,3,10,1,425
252,18-HOL012,5,258,5,5,0,263
253,18-HOL013,5,527,13,22,2,294
254,18-HOL015,7,311,5,5,3,199
255,18-HOL016,3,431,13,22,4,227
256,18-HOL017,1,112,0,2,0,138
257,18-HOL018,5,328,7,19,0,330
258,18-HOL019,6,272,3,20,6,519
259,18-HOL021,7,272,1,7,3,384
260,18-HOL022,7,201,2,5,0,146
261,18-HOL023,2,143,1,8,0,345
262,18-HOL024,4,278,6,5,3,404
263,18-HOL025,6,132,0,4,1,187
264,18-HOL026,6,125,0,8,0,267
265,18-HOL027,1,34,0,2,0,40
266,18-HOL028,12,311,7,13,1,476
267,18-HOL030,3,202,2,5,1,145
268,18-HOL031,4,157,3,4,1,150
269,18-HOL032,8,312,6,6,1,272
270,18-HOL033,7,249,3,6,1,246
271,18-HOL034,2,287,3,4,0,262
272,18-HOL035,1,312,7,4,1,219
273,18-KRN001,12,222,18,26,0,256
274,18-KRN002,4,49,2,2,0,69
275,18-KRN003,16,165,9,9,3,116
276,18-KRN004,18,279,3,24,3,309
277,18-KRN005,11,282,14,26,1,226
278,18-KRN006,17,317,12,23,0,269
279,18-KRN007,0,27,2,2,0,52
280,18-KRN008,4,128,2,9,1,131
281,18-KRN009,1,39,1,3,1,47
282,18-KRN010,8,172,8,12,0,195
283,18-KRN011,21,221,6,21,2,301
284,18-KRN012,7,94,7,11,0,103
285,18-KRN013,12,259,8,17,0,316
286,18-KRN014,0,15,1,0,0,17
287,18-KRN015,11,251,9,17,4,255
288,18-KRN016,14,247,12,13,1,220
289,18-KRN017,15,287,16,23,1,274
290,18-KRN018,8,214,8,25,0,259
291,18-KRN019,16,252,12,26,3,319
292,18-KRN020,3,94,6,5,1,104
293,18-KRN021,5,105,6,11,0,101
294,18-LTC001,0,14,0,0,0,11
295,18-LTC003,2,23,0,0,0,15
296,18-MAG001,38,254,10,37,1,225
297,18-MAG003,22,217,14,16,0,198
298,18-MAG004,14,164,6,11,0,167
299,18-MAG005,38,274,13,29,2,340
300,18-MAG006,19,149,7,27,0,189
301,18-MAG007,15,196,5,20,0,229
302,18-MAG009,20,284,8,32,4,314
303,18-MAG010,15,252,10,22,2,275
304,18-MAG011,20,256,11,22,1,323
305,18-MAG012,11,223,8,16,1,208
306,18-MAG013,16,116,7,4,0,172
307,18-MAG014,18,188,6,13,3,244
308,18-MAG015,12,184,13,20,0,226
309,18-MAG016,27,267,12,22,1,260
310,18-MAG901,1,4,1,0,0,2
311,18-MID001,14,464,8,36,1,355
312,18-MID002,4,322,8,21,1,229
313,18-MID003,10,395,13,29,3,324
314,18-MID005,10,276,8,12,1,335
315,18-MID006,13,291,9,13,1,302
316,18-MID009,2,59,3,3,0,57
317,18-MID010,8,329,3,23,2,152
318,18-MID011,16,386,6,15,2,377
319,18-MID013,6,194,2,8,1,172
320,18-MID014,0,5,0,1,0,4
321,18-MID015,11,272,5,10,2,297
322,18-MID016,10,210,3,11,1,206
323,18-MID017,17,258,8,12,2,186
324,18-MID019,6,222,4,16,1,194
325,18-MID022,20,364,13,23,2,407
326,18-MID024,16,344,20,26,1,311
327,18-MID025,5,161,3,13,0,94
328,18-MID027,6,148,3,5,3,151
329,18-MID028,0,236,4,14,2,170
330,18-MID029,4,224,4,7,3,148
331,18-MID030,2,133,0,11,0,162
332,18-MID032,0,0,0,0,0,0
333,18-MIL001,11,465,10,24,2,238
334,18-MIL002,13,493,10,19,4,272
335,18-MIL003,7,384,8,19,1,223
336,18-MIL004,11,503,6,21,0,314
337,18-MIL005,3,269,3,10,1,111
338,18-MIL006,9,345,5,6,2,216
339,18-MIL007,4,93,9,9,0,47
340,18-MIL008,1,116,5,9,2,59
341,18-MIL009,10,362,10,22,2,196
342,18-MIL010,9,218,4,11,0,174
343,18-MIL011,10,524,7,18,0,280
344,18-MIL012,8,396,4,16,0,244
345,18-MIL013,10,355,7,17,0,190
346,18-MIL014,2,221,8,5,2,205
347,18-MIL015,11,480,3,21,1,260
348,18-MIL016,11,358,6,15,0,452
349,18-MIL017,4,202,4,6,0,134
350,18-MIL018,11,567,20,22,1,450
351,18-MIL019,13,343,9,15,4,312
352,18-MIL020,6,405,3,14,0,152
353,18-MIL021,5,274,4,15,0,258
354,18-MIL022,5,351,2,6,0,350
355,18-MIL023,2,322,7,6,0,314
356,18-MIL024,4,358,4,5,1,285
357,18-MIL025,5,393,3,12,2,271
358,18-MIL026,8,368,6,10,1,225
359,18-MIL027,5,356,2,11,0,495
360,18-MIL028,6,258,2,9,0,393
361,18-MIL029,5,347,2,10,1,207
362,18-MIL030,2,230,6,13,0,268
363,18-MIL031,5,297,2,16,0,345
364,18-MIL032,12,474,7,13,1,340
365,18-MIL033,6,341,4,10,0,380
366,18-MIL034,3,242,2,8,2,428
367,18-MIL035,7,431,3,15,1,429
368,18-MIL036,3,243,2,7,1,437
369,18-MIL037,5,244,5,4,1,281
370,18-MIL038,1,442,4,4,0,179
371,18-MIL039,2,408,1,7,0,289
372,18-MIL040,0,346,0,11,1,248
373,18-MIL041,0,237,1,1,0,209
374,18-MIL042,6,296,3,6,0,220
375,18-MIL043,2,476,7,9,0,267
376,18-MIL044,1,262,2,3,5,156
377,18-MIL045,2,314,2,12,0,223
378,18-MOL009,0,1,0,0,0,0
379,18-MUR001,0,6,0,0,0,6
380,18-MUR002,5,424,11,21,0,235
381,18-MUR003,4,92,1,5,0,103
382,18-MUR004,7,220,2,8,1,245
383,18-MUR005,14,286,6,22,1,209
384,18-MUR006,0,0,0,0,0,1
385,18-MUR007,10,196,6,15,1,254
386,18-MUR008,15,406,18,18,3,381
387,18-MUR009,4,159,2,7,0,126
388,18-MUR010,0,25,2,3,0,9
389,18-MUR011,5,295,5,13,0,266
390,18-MUR012,16,334,8,16,2,276
391,18-MUR013,0,59,0,2,0,57
392,18-MUR014,5,223,1,2,3,240
393,18-MUR015,2,152,4,16,1,170
394,18-MUR016,7,121,1,8,2,321
395,18-MUR017,0,135,2,10,0,123
396,18-MUR018,6,275,5,12,0,422
397,18-MUR019,10,127,8,6,0,196
398,18-MUR020,6,227,2,7,2,383
399,18-MUR021,13,308,4,13,3,318
400,18-MUR022,1,27,0,1,0,38
401,18-MUR023,14,288,6,17,1,261
402,18-MUR024,17,215,12,18,0,219
403,18-MUR025,8,313,3,15,0,216
404,18-MUR027,9,488,5,19,0,360
405,18-MUR029,4,322,6,12,1,471
406,18-MUR030,6,314,8,20,2,219
407,18-MUR031,11,291,7,9,0,329
408,18-MUR032,5,204,7,13,0,181
409,18-MUR033,6,174,2,2,0,167
410,18-MUR034,5,215,3,9,0,230
411,18-MUR035,13,224,5,4,1,217
412,18-MUR036,7,248,4,15,2,463
413,18-MUR037,11,233,6,20,3,288
414,18-MUR038,0,127,6,11,0,216
415,18-MUR039,6,330,9,20,0,303
416,18-MUR040,4,95,1,6,0,50
417,18-MUR041,7,198,3,10,0,206
418,18-MUR042,11,258,2,14,0,381
419,18-MUR043,10,307,5,14,4,448
420,18-MUR044,2,26,0,2,2,56
421,18-MUR045,0,7,0,0,0,5
422,18-MUR046,4,211,12,10,1,251
423,18-MUR047,1,114,2,6,1,171
424,18-MUR048,1,43,0,2,0,29
425,18-MUR049,10,230,9,7,0,274
426,18-MUR050,13,182,2,18,1,238
427,18-MUR051,0,14,0,0,0,20
428,18-MUR052,0,22,0,1,0,19
429,18-MUR053,1,3,0,0,0,10
430,18-NJC001,0,12,0,0,0,7
431,18-PCN001,0,5,0,0,0,2
432,18-RIV001,17,168,3,21,0,763
433,18-RIV002,10,175,4,19,1,405
434,18-RIV003,20,154,7,23,3,640
435,18-RIV004,11,150,14,26,1,529
436,18-RIV005,19,102,4,12,2,409
437,18-RIV006,5,8,1,1,0,39
438,18-RIV007,5,107,0,14,1,233
439,18-RIV008,29,150,5,10,0,646
440,18-RIV009,12,139,4,13,2,446
441,18-RIV010,16,175,4,14,0,541
442,18-RIV011,9,47,7,4,0,165
443,18-RIV012,15,163,7,15,0,398
444,18-RIV013,5,91,5,7,1,209
445,18-RIV015,15,197,5,15,2,739
446,18-RIV016,21,146,3,16,3,593
447,18-RIV017,21,168,4,25,0,484
448,18-RIV018,4,74,2,6,0,214
449,18-RIV019,12,177,6,25,2,430
450,18-RIV020,11,125,4,10,0,351
451,18-RIV021,15,129,2,12,2,494
452,18-RIV022,17,172,8,21,3,460
453,18-RIV023,20,76,9,20,0,450
454,18-RIV024,5,62,0,7,0,271
455,18-RIV025,17,222,8,17,1,722
456,18-RIV026,24,187,11,24,2,555
457,18-RIV027,9,96,4,9,1,403
458,18-RIV028,7,59,3,1,1,185
459,18-RIV029,20,83,3,8,0,351
460,18-RIV030,3,45,3,5,1,175
461,18-RIV031,5,78,2,1,1,364
462,18-SAN001,8,280,12,12,1,317
463,18-SAN002,4,60,2,0,0,107
464,18-SAN003,9,140,6,9,1,104
465,18-SAN004,6,220,11,10,1,189
466,18-SAN005,15,305,14,20,1,375
467,18-SAN006,8,128,4,5,2,152
468,18-SAN007,4,92,5,4,0,76
469,18-SAN009,20,331,13,21,1,506
470,18-SAN010,0,87,2,2,0,104
471,18-SAN011,26,326,7,18,1,404
472,18-SAN012,10,228,1,11,2,315
473,18-SAN013,16,235,8,16,3,261
474,18-SAN014,6,249,6,11,0,285
475,18-SAN015,17,245,12,12,1,313
476,18-SAN016,4,112,3,6,0,111
477,18-SAN018,11,240,3,18,3,348
478,18-SAN019,7,156,5,11,1,245
479,18-SAN020,5,58,1,1,1,73
480,18-SAN021,6,141,4,10,1,172
481,18-SAN022,13,342,3,19,1,502
482,18-SAN024,18,207,5,16,0,384
483,18-SAN026,9,202,3,22,5,318
484,18-SAN027,13,260,4,13,0,451
485,18-SAN029,6,239,5,12,1,335
486,18-SAN030,1,117,0,11,0,300
487,18-SAN031,2,228,4,7,2,287
488,18-SAN032,11,151,2,4,0,256
489,18-SAN033,7,324,1,17,3,472
490,18-SAN034,5,202,8,25,2,260
491,18-SAN035,5,176,4,8,0,187
492,18-SAN036,12,205,6,11,1,234
493,18-SAN038,11,253,0,11,1,504
494,18-SAN039,9,285,14,10,0,270
495,18-SAN040,5,96,1,7,1,112
496,18-SAN041,9,190,7,13,0,247
497,18-SAN042,17,219,4,19,2,296
498,18-SAN043,7,145,3,10,0,262
499,18-SAN044,12,283,4,16,3,371
500,18-SAN045,23,372,14,33,4,498
501,18-SAN048,12,298,9,26,0,336
502,18-SAN049,13,311,13,18,0,361
503,18-SAN050,9,245,7,14,0,421
504,18-SAN051,11,288,10,20,0,332
505,18-SAN052,0,74,1,5,0,74
506,18-SAN053,14,265,9,16,0,363
507,18-SAN054,6,299,3,20,3,330
508,18-SAN055,6,277,3,15,1,255
509,18-SAN056,13,337,11,8,0,423
510,18-SAN057,13,379,10,17,1,516
511,18-SAN058,9,312,8,9,4,430
512,18-SAN059,0,79,0,2,0,75
513,18-SAN060,12,267,8,12,3,446
514,18-SAN061,11,145,7,10,0,332
515,18-SAN062,13,191,5,14,1,190
516,18-SAN063,9,188,7,14,1,398
517,18-SAN064,7,148,8,6,3,282
518,18-SAN065,14,227,7,16,1,384
519,18-SAN066,8,191,7,6,0,322
520,18-SAN067,10,245,7,10,3,377
521,18-SAN068,2,125,1,4,1,119
522,18-SAN069,14,189,6,17,3,303
523,18-SAN071,12,147,7,9,0,221
524,18-SAN072,16,192,9,14,1,426
525,18-SAN073,13,159,6,9,6,444
526,18-SAN074,7,152,0,9,0,368
527,18-SAN075,12,170,3,7,1,381
528,18-SAN076,7,80,0,4,2,218
529,18-SAN077,11,162,1,16,0,288
530,18-SAN078,8,236,7,29,0,387
531,18-SAN079,9,261,7,32,1,510
532,18-SAN080,2,105,1,5,1,180
533,18-SAN081,21,219,6,17,1,493
534,18-SAN082,7,261,10,14,1,478
535,18-SAN084,7,214,2,7,0,446
536,18-SAN086,11,298,8,26,3,468
537,18-SAN087,3,225,5,10,2,446
538,18-SHL001,4,41,1,9,0,45
539,18-SHL002,11,181,6,11,2,155
540,18-SHL004,3,38,0,2,0,53
541,18-SHL005,5,32,3,0,0,78
542,18-SHL006,6,126,3,4,0,152
543,18-SIL001,2,2,0,1,0,1
544,18-SIL003,0,12,0,0,0,14
545,18-SIL009,1,36,1,0,0,35
546,18-SIL013,4,11,0,0,0,24
547,18-SJD001,22,229,6,21,3,517
548,18-SJD002,0,9,0,2,0,24
549,18-SJD003,11,153,3,22,0,515
550,18-SJD004,10,167,9,17,0,496
551,18-SJD005,6,121,3,15,0,381
552,18-SJD006,7,353,6,27,1,504
553,18-SJD007,13,85,1,16,1,281
554,18-SJD008,14,217,3,18,2,670
555,18-SJD009,3,34,1,1,0,81
556,18-SJD010,21,114,1,8,0,494
557,18-SJD011,12,269,6,14,2,422
558,18-SJD012,11,164,2,16,1,610
559,18-SJD013,11,157,5,16,1,592
560,18-SJD014,21,175,8,11,1,519
561,18-SJD015,13,127,5,4,2,471
562,18-SJD016,10,101,5,5,1,466
563,18-SJD017,9,220,5,15,0,625
564,18-SJD018,10,121,2,8,0,373
565,18-SJD019,2,82,2,6,3,545
566,18-SJD020,0,21,0,1,0,65
567,18-SJD021,9,125,2,2,1,365
568,18-SJD022,13,289,9,22,2,693
569,18-SJD023,6,283,4,23,0,489
570,18-SJD024,8,138,5,22,3,459
571,18-SJD025,5,195,9,15,1,395
572,18-SJD026,8,287,5,17,0,554
573,18-SJD027,8,364,8,20,0,613
574,18-SJD028,11,197,3,19,0,391
575,18-SJD029,9,165,3,8,1,426
576,18-SJD030,13,225,7,14,1,578
577,18-SJD031,14,170,8,14,3,572
578,18-SJD032,7,283,6,25,2,582
579,18-SJD033,24,244,7,24,1,755
580,18-SJD034,9,116,4,8,0,434
581,18-SJD035,2,298,3,13,2,548
582,18-SJD036,4,129,2,8,2,396
583,18-SJD037,4,112,2,9,2,254
584,18-SJD038,11,212,10,15,5,579
585,18-SJD039,0,21,0,1,0,63
586,18-SJD040,16,177,8,14,0,548
587,18-SJD041,7,192,8,11,2,620
588,18-SJD042,13,221,4,15,0,424
589,18-SJD045,4,153,1,5,1,225
590,18-SJD046,4,39,7,2,0,209
591,18-SJD047,5,142,2,7,3,462
592,18-SJD049,14,51,6,11,2,254
593,18-SJD050,9,60,6,5,0,229
594,18-SLC001,0,6,1,1,0,11
595,18-SLC002,3,255,6,16,1,146
596,18-SLC003,9,345,8,15,0,186
597,18-SLC004,7,223,1,10,1,128
598,18-SLC005,7,293,9,12,0,170
599,18-SLC006,2,225,2,7,1,96
600,18-SLC007,14,263,9,23,1,188
601,18-SLC008,0,107,1,8,0,51
602,18-SLC009,4,494,12,19,3,246
603,18-SLC010,1,97,2,3,0,48
604,18-SLC011,7,426,9,15,0,189
605,18-SLC012,8,487,14,13,1,242
606,18-SLC013,2,243,2,12,1,92
607,18-SLC014,4,267,1,8,0,153
608,18-SLC015,16,469,10,19,2,244
609,18-SLC017,5,184,2,4,0,59
610,18-SLC018,9,476,7,30,1,168
611,18-SLC019,10,628,11,39,3,188
612,18-SLC020,4,657,4,16,3,293
613,18-SLC021,5,423,7,14,0,110
614,18-SLC023,5,543,4,15,1,193
615,18-SLC025,8,513,9,17,2,322
616,18-SLC026,3,540,0,10,0,230
617,18-SLC027,5,449,3,2,3,180
618,18-SLC028,0,67,0,2,0,56
619,18-SLC029,2,471,3,6,0,144
620,18-SLC030,1,538,4,9,2,127
621,18-SLC031,4,451,1,17,2,101
622,18-SLC032,3,595,9,22,3,232
623,18-SLC033,5,508,3,20,2,135
624,18-SLC034,1,487,5,6,0,90
625,18-SLC035,7,382,5,9,0,436
626,18-SLC039,0,521,3,8,2,104
627,18-SLC040,4,345,2,6,0,98
628,18-SLC041,2,627,0,11,2,179
629,18-SLC042,1,430,2,4,1,138
630,18-SLC043,1,318,5,6,1,170
631,18-SLC045,10,411,9,21,2,199
632,18-SLC048,9,460,10,19,4,184
633,18-SLC049,10,319,5,19,0,158
634,18-SLC050,21,555,18,29,0,215
635,18-SLC051,5,317,7,12,1,137
636,18-SLC052,6,616,11,28,0,175
637,18-SLC054,8,611,8,24,5,399
638,18-SLC055,2,469,9,19,1,122
639,18-SLC057,6,637,9,24,1,169
640,18-SLC059,9,833,14,40,2,175
641,18-SLC060,6,705,9,21,2,190
642,18-SLC062,9,623,13,23,1,190
643,18-SLC064,8,812,8,34,1,210
644,18-SLC065,5,569,5,17,2,152
645,18-SLC068,6,471,6,10,2,134
646,18-SLC069,0,135,1,4,0,38
647,18-SLC070,4,743,7,29,2,168
648,18-SLC071,4,494,7,20,3,129
649,18-SLC072,3,667,10,19,2,198
650,18-SLC073,0,20,0,1,0,1
651,18-SLC074,0,56,1,3,0,25
652,18-SLC076,3,563,6,12,2,134
653,18-SLC078,0,450,0,4,1,135
654,18-SLC080,12,522,6,31,2,441
655,18-SLC083,12,447,17,24,3,213
656,18-SLC085,14,440,9,14,4,219
657,18-SLC086,19,379,14,28,0,175
658,18-SLC090,14,481,10,18,2,108
659,18-SLC091,2,316,9,13,0,74
660,18-SLC092,9,514,11,15,3,172
661,18-SLC093,1,562,3,15,2,104
662,18-SLC094,7,596,10,12,1,98
663,18-SLC097,7,797,10,25,2,145
664,18-SLC098,1,617,5,18,1,141
665,18-SLC099,3,439,2,15,1,97
666,18-SLC100,8,324,8,10,1,94
667,18-SLC101,0,450,8,15,0,95
668,18-SLC102,1,299,8,8,0,96
669,18-SLC103,2,707,3,20,1,129
670,18-SLC105,4,542,2,16,2,128
671,18-SLC106,0,195,0,2,0,67
672,18-SLC107,1,462,2,8,1,86
673,18-SLC108,3,544,4,10,2,90
674,18-SLC109,5,654,6,18,1,129
675,18-SLC110,1,608,9,10,1,108
676,18-SLC112,2,360,3,17,0,73
677,18-SLC114,6,721,4,20,1,146
678,18-SLC115,2,512,5,20,0,104
679,18-SLC116,5,396,3,5,0,161
680,18-SLC117,4,391,1,3,0,178
681,18-SLC118,2,424,1,8,0,182
682,18-SLC119,3,608,4,12,1,130
683,18-SLC121,6,646,3,10,3,171
684,18-SLC123,6,487,7,4,2,115
685,18-SLC125,1,494,4,9,2,127
686,18-SLC128,2,436,3,3,0,363
687,18-SLC129,2,350,4,3,0,184
688,18-SLC130,5,387,3,5,0,283
689,18-SLC131,5,402,4,7,0,183
690,18-SLC132,3,489,1,21,1,247
691,18-SLC134,2,291,1,3,0,167
692,18-SLC135,1,301,0,7,1,252
693,18-SLC136,2,344,0,7,1,238
694,18-SLC137,7,385,4,7,0,228
695,18-SLC138,1,487,8,12,1,270
696,18-SLC140,0,276,2,1,0,282
697,18-SLC141,2,407,2,7,2,239
698,18-SLC142,1,425,4,12,0,193
699,18-SLC143,2,370,4,7,5,169
700,18-SLC144,2,384,1,8,0,211
701,18-SLC146,2,226,5,10,0,76
702,18-SLC147,3,565,8,17,3,189
703,18-SLC148,5,338,3,18,1,128
704,18-SLC149,5,577,7,20,2,200
705,18-SLC150,0,13,0,2,0,7
706,18-SLC151,3,555,6,28,3,225
707,18-SLC152,12,479,3,15,0,244
708,18-SLC155,6,410,2,11,1,326
709,18-SLC156,6,415,2,8,0,205
710,18-SLC158,4,336,8,7,2,162
711,18-SLC159,2,356,3,10,0,196
712,18-SLC160,6,488,5,15,0,326
713,18-SLC163,2,299,4,10,1,326
714,18-SLC164,3,407,2,10,1,183
715,18-SLC166,0,240,3,3,0,355
716,18-SLC167,9,413,5,7,0,300
717,18-SNB001,0,6,0,0,0,2
718,18-SSL001,1,133,0,4,0,52
719,18-SSL002,3,247,1,2,2,104
720,18-SSL003,3,28,2,1,0,14
721,18-SSL004,7,360,7,13,0,116
722,18-SSL005,4,345,4,13,1,162
723,18-SSL006,4,505,11,19,1,191
724,18-SSL007,23,503,6,28,4,256
725,18-SSL008,1,290,3,20,1,139
726,18-SSL009,6,229,5,9,1,99
727,18-SSL010,7,311,8,8,2,155
728,18-SSL011,15,329,6,17,1,201
729,18-SSL012,3,151,4,8,0,74
730,18-SSL014,11,623,10,24,3,319
731,18-SWT001,8,139,5,16,0,252
732,18-SWT002,1,0,0,0,0,0
733,18-TAY001,24,419,17,21,2,352
734,18-TAY002,5,230,9,12,1,283
735,18-TAY004,5,326,9,22,4,237
736,18-TAY007,20,265,7,16,3,337
737,18-TAY008,24,454,11,25,1,363
738,18-TAY010,17,161,9,9,1,121
739,18-TAY011,10,329,15,15,0,261
740,18-TAY012,10,182,10,19,0,118
741,18-TAY013,11,142,4,13,1,115
742,18-TAY014,14,287,10,16,0,366
743,18-TAY015,11,249,7,23,0,355
744,18-TAY016,14,301,7,19,1,339
745,18-TAY017,9,176,7,12,0,333
746,18-TAY020,16,288,14,20,1,364
747,18-TAY021,5,233,11,18,0,351
748,18-TAY022,3,102,7,8,1,186
749,18-TAY023,13,234,5,16,0,240
750,18-TAY024,7,213,4,13,0,372
751,18-TAY025,7,186,4,12,2,266
752,18-TAY026,18,183,5,17,1,212
753,18-TAY027,8,220,11,15,0,278
754,18-TAY028,16,233,10,16,0,235
755,18-TAY029,1,13,0,3,0,6
756,18-TAY030,8,227,1,11,1,338
757,18-TAY031,11,210,6,9,1,251
758,18-TAY032,15,199,8,7,0,244
759,18-TAY033,10,190,5,12,0,221
760,18-TAY034,8,221,2,18,2,318
761,18-TAY035,11,258,2,16,3,431
762,18-TAY036,7,151,4,6,0,155
763,18-TAY037,13,201,11,18,4,246
764,18-TAY038,10,238,6,4,0,230
765,18-TAY039,14,203,3,12,3,351
766,18-TAY040,5,234,8,7,2,353
767,18-TAY041,8,164,1,10,0,330
768,18-TAY042,16,226,6,6,1,385
769,18-TAY043,13,209,11,13,1,354
770,18-TAY044,0,3,0,0,0,2
771,18-TAY045,7,140,3,13,1,270
772,18-WBN001,14,247,5,24,2,338
773,18-WBN002,1,5,0,0,0,14
774,18-WBN003,0,7,0,0,0,0
775,18-WBN004,0,0,0,0,0,0
776,18-WBN005,0,28,1,5,1,63
777,18-WCN001,9,136,2,10,1,209
778,18-WCR002,0,12,0,0,0,15
779,18-WCR003,1,16,0,3,0,30
780,18-WCR005,4,323,8,16,1,452
781,18-WHT001,20,205,4,14,1,258
782,18-WHT002,5,173,6,12,1,188
783,18-WHT003,10,185,13,20,1,244
784,18-WHT004,14,212,11,11,0,241
785,18-WHT005,5,217,6,12,0,196
786,18-WJD001,16,250,18,26,1,272
787,18-WJD002,0,0,0,0,0,0
788,18-WJD003,7,249,10,10,2,313
789,18-WJD004,2,42,2,4,1,52
790,18-WJD005,14,181,5,14,2,181
791,18-WJD006,2,45,6,4,0,71
792,18-WJD007,22,218,12,18,1,290
793,18-WJD008,10,149,3,13,3,235
794,18-WJD009,13,266,11,26,3,431
795,18-WJD011,10,170,6,14,2,232
796,18-WJD012,15,266,9,17,0,478
797,18-WJD013,17,255,6,19,0,527
798,18-WJD014,0,0,0,0,0,0
799,18-WJD015,17,276,11,23,1,341
800,18-WJD017,15,398,12,32,4,578
801,18-WJD018,3,149,9,16,0,181
802,18-WJD019,1,57,4,3,1,103
803,18-WJD020,17,190,12,15,2,476
804,18-WJD021,12,215,7,8,0,358
805,18-WJD022,14,303,10,13,2,316
806,18-WJD023,21,182,3,16,1,362
807,18-WJD024,23,213,9,9,0,380
808,18-WJD025,27,208,10,8,2,417
809,18-WJD027,17,182,6,5,1,340
810,18-WJD028,13,169,5,18,0,412
811,18-WJD030,20,215,14,20,0,363
812,18-WJD031,14,315,11,22,6,482
813,18-WJD032,12,320,5,24,7,345
814,18-WJD033,5,304,6,11,0,380
815,18-WJD034,22,256,7,22,1,431
816,18-WJD035,16,222,6,25,1,484
817,18-WJD036,10,199,12,18,1,310
818,18-WJD037,12,265,9,17,0,393
819,18-WJD038,5,117,3,11,0,288
820,18-WJD039,18,285,14,16,1,594
821,18-WJD040,16,181,4,15,1,419
822,18-WJD042,20,163,3,17,3,297
823,18-WJD043,4,73,2,6,0,163
824,18-WJD044,10,170,6,14,3,489
825,18-WJD045,16,192,9,15,1,370
826,18-WJD046,14,157,5,9,2,262
827,18-WJD047,22,201,11,24,0,537
828,18-WJD048,12,184,4,17,1,225
829,18-WJD049,15,234,10,22,1,562
830,18-WJD050,8,156,9,21,1,414
831,18-WJD051,5,49,2,6,0,97
832,18-WJD052,10,163,13,15,3,339
833,18-WJD053,19,188,12,25,1,249
834,18-WJD054,15,237,9,14,0,336
835,18-WJD055,13,201,6,16,0,355
836,18-WJD056,16,76,6,12,1,313
837,18-WJD057,37,302,13,31,1,442
838,18-WJD059,17,169,10,7,2,380
839,18-WJD060,4,133,1,8,0,231
840,18-WJD061,0,5,2,1,1,18
841,18-WJD063,16,260,8,27,1,525
842,18-WJD064,18,256,6,20,1,384
843,18-WJD065,17,211,13,24,2,275
844,18-WJD066,11,215,14,16,0,365
845,18-WJD067,0,4,0,0,0,4
846,18-WJD068,8,159,0,11,0,430
847,18-WJD069,14,323,22,25,0,533
848,18-WJD070,5,91,3,6,0,183
849,18-WJD071,13,117,3,8,1,208
850,18-WJD074,5,118,3,8,0,183
851,18-WJD075,10,95,2,7,1,180
852,18-WJD080,17,207,15,16,1,451
853,18-WVC001,3,121,9,4,1,102
854,18-WVC002,25,365,4,13,1,480
855,18-WVC003,8,226,5,20,0,290
856,18-WVC004,26,268,6,16,5,222
857,18-WVC005,3,69,4,5,0,93
858,18-WVC006,21,301,11,18,3,349
859,18-WVC007,13,118,6,14,0,209
860,18-WVC008,17,226,7,21,4,245
861,18-WVC009,5,171,4,10,0,229
862,18-WVC010,8,219,3,21,2,247
863,18-WVC011,10,175,5,9,0,272
864,18-WVC012,27,333,12,14,1,322
865,18-WVC013,9,174,6,15,0,214
866,18-WVC014,16,223,10,12,0,331
867,18-WVC015,7,384,14,27,2,295
868,18-WVC016,4,299,9,21,0,307
869,18-WVC017,11,111,6,11,0,162
870,18-WVC018,8,121,8,7,0,208
871,18-WVC019,15,207,7,18,0,246
872,18-WVC020,0,2,0,0,0,2
873,18-WVC021,3,249,5,29,1,166
874,18-WVC022,9,211,3,9,1,213
875,18-WVC023,10,154,5,9,0,122
876,18-WVC024,12,202,8,13,1,217
877,18-WVC025,7,215,5,6,1,246
878,18-WVC026,8,268,7,22,2,259
879,18-WVC027,10,180,6,12,2,176
880,18-WVC028,15,274,14,14,1,195
881,18-WVC029,5,127,8,4,1,122
882,18-WVC030,12,163,7,13,3,132
883,18-WVC031,1,84,2,4,0,53
884,18-WVC032,2,242,3,11,0,151
885,18-WVC033,18,164,2,15,0,293
886,18-WVC034,9,250,9,11,4,226
887,18-WVC035,9,195,7,10,1,153
888,18-WVC036,3,116,1,10,1,99
889,18-WVC037,11,262,9,16,1,254
890,18-WVC038,4,115,8,9,2,98
891,18-WVC039,21,308,6,23,0,392
892,18-WVC040,2,44,2,6,0,61
893,18-WVC041,4,100,6,4,0,86
894,18-WVC042,11,253,13,15,1,146
895,18-WVC043,4,104,7,4,0,64
896,18-WVC044,6,252,13,18,0,141
897,18-WVC045,3,320,8,16,1,228
898,18-WVC046,19,342,10,19,1,281
899,18-WVC047,3,171,7,12,3,119
900,18-WVC049,11,214,10,28,0,224
901,18-WVC051,15,252,5,17,1,294
902,18-WVC052,7,241,16,29,1,301
903,18-WVC053,9,222,10,11,1,200
904,18-WVC054,7,260,8,18,1,277
905,18-WVC055,14,218,14,17,1,288
906,18-WVC056,1,81,2,7,1,101
907,18-WVC057,14,232,8,13,2,278
908,18-WVC058,17,225,11,9,0,279
909,18-WVC059,13,215,5,15,0,306
910,18-WVC060,12,229,11,13,0,237
911,18-WVC061,9,184,9,11,0,317
912,18-WVC062,10,172,3,6,2,233
913,18-WVC063,23,298,5,13,2,328
914,18-WVC065,7,153,3,8,0,144
915,18-WVC066,11,184,13,14,0,170
916,18-WVC067,11,167,7,17,1,209
917,18-WVC068,6,153,2,15,0,258
918,18-WVC070,4,187,7,8,0,234
919,18-WVC071,15,303,9,23,0,300
920,18-WVC072,15,340,11,20,0,309
921,18-WVC073,0,11,1,1,0,8
922,18-WVC074,3,93,5,7,0,114
923,18-WVC076,0,35,0,4,0,58
924,18-WVC077,4,184,4,14,0,139
925,18-WVC078,3,107,5,17,0,150
926,18-WVC079,3,190,9,12,0,127
927,19-Precinct 1,13,54,3,13,1,123
928,19-Precinct 10,0,171,2,7,0,48
929,19-Precinct 11,14,727,24,34,2,224
930,19-Precinct 12,8,40,2,4,1,246
931,19-Precinct 2,38,179,19,11,1,822
932,19-Precinct 3,18,530,21,29,5,325
933,19-Precinct 4,8,11,4,1,0,149
934,19-Precinct 5,17,45,8,11,2,327
935,19-Precinct 6,1,8,1,0,0,66
936,19-Precinct 7,7,47,4,8,0,319
937,19-Precinct 8,15,257,8,9,0,274
938,19-Precinct 9,0,27,1,0,0,11
939,2-Bear River,16,40,9,15,1,305
940,2-Bear River East,13,31,6,6,0,159
941,2-Beaver Dam/Collinston,6,11,0,6,1,150
942,2-Brigham City 01,20,113,16,20,2,432
943,2-Brigham City 02,14,61,4,8,1,380
944,2-Brigham City 03,26,104,7,23,5,306
945,2-Brigham City 04,18,85,8,21,3,296
946,2-Brigham City 05,14,92,8,14,3,215
947,2-Brigham City 06,24,61,11,16,5,428
948,2-Brigham City 07,12,83,11,17,2,344
949,2-Brigham City 08,7,58,6,9,1,175
950,2-Brigham City 09,4,38,5,6,0,228
951,2-Brigham City 10,7,67,5,8,0,361
952,2-Brigham City 11,7,59,2,6,0,278
953,2-Brigham City 12,26,105,7,30,2,444
954,2-Brigham City 13,17,76,2,17,3,255
955,2-Brigham City 14,30,95,8,12,2,353
956,2-Brigham City 15,24,91,9,19,0,379
957,2-Brigham City North,8,37,0,4,1,157
958,2-Clear Creek,0,0,0,1,0,6
959,2-Corinne 1,16,78,8,15,3,301
960,2-Corinne 2,4,14,2,5,0,85
961,2-Deweyville,12,18,2,8,0,198
962,2-Elwood,25,52,5,13,2,446
963,2-Fielding 1,9,14,0,2,2,138
964,2-Fielding 2,11,24,3,3,0,155
965,2-Garland 1,30,38,6,14,2,355
966,2-Garland 2,18,44,7,9,4,340
967,2-Garland East,1,11,3,2,1,209
968,2-Grouse Creek,0,2,0,0,0,25
969,2-Honeyville,24,67,5,11,3,504
970,2-Howell,6,6,1,3,0,73
971,2-Mantua,9,52,9,6,2,337
972,2-Park Valley,5,1,0,0,0,70
973,2-Perry 1,13,50,2,11,1,486
974,2-Perry 2,15,33,7,7,2,316
975,2-Perry 3,14,70,7,3,0,457
976,2-Perry 4,12,78,6,18,0,479
977,2-Plymouth,4,20,3,3,1,128
978,2-Portage,8,15,2,4,0,89
979,2-Promontory,4,1,0,1,0,11
980,2-Riverside,16,23,3,8,1,197
981,2-Snowville,3,5,0,1,2,62
982,2-South Willard,25,81,6,20,2,463
983,2-Tremonton 1,6,44,3,8,1,489
984,2-Tremonton 2,22,81,7,19,1,441
985,2-Tremonton 3,22,44,8,20,1,303
986,2-Tremonton 4,19,66,10,12,3,379
987,2-Tremonton 5,11,44,5,10,2,290
988,2-Tremonton South,10,26,1,5,1,224
989,2-Tremonton West,25,68,11,21,4,480
990,2-Yost,0,0,0,2,0,13
991,20-AXTSSD Axtell SSD,12,12,3,1,0,65
992,20-AXTU Axtell,0,1,0,0,0,27
993,20-CENM Centerfield City,24,33,6,4,2,350
994,20-EPH1M Ephraim City 1 (North),27,83,11,10,1,404
995,20-EPH2M Ephraim City 2 (South W),19,65,5,10,1,355
996,20-EPH3M Ephraim City (South E),15,73,5,8,1,369
997,20-EPHU Ephraim Unincorporated,0,6,3,2,1,89
998,20-FAYM Fayette Town,6,6,2,1,0,88
999,20-FRVM Fairview City,8,37,11,7,4,429
1000,20-FRVU Fairview Unicorporated,30,68,15,4,2,406
1001,20-FTGM Fountain Green City,19,42,11,10,0,370
1002,20-GUNM Gunnison City,13,47,8,10,3,551
1003,20-MAN1M Manti City 1 (South),45,61,10,13,3,543
1004,20-MAN2M Manti City 2 (North),45,57,24,10,0,543
1005,20-MANU Manti Unicorporated,12,7,1,1,0,90
1006,20-MAYM Mayfield Town,11,38,2,2,1,173
1007,20-MORM Moroni City,16,39,14,6,2,390
1008,20-MORU Moroni Unicorporated,2,10,5,0,1,77
1009,20-MTP1M Mt Pleasant City 1,25,162,15,13,2,558
1010,20-MTP1U Mt Pleasant 1 Unicorp,7,15,8,2,1,138
1011,20-MTP2M Mt Pleasant City 2,20,62,12,7,0,280
1012,20-MTP2U Mt. Pleasant 2 Unicorp,1,11,1,1,0,77
1013,20-MTP3U Mt. Pleasant 3 Unicorp,2,7,0,0,0,67
1014,20-NSU Wales Chester Ftn Green Un,9,26,5,2,0,180
1015,20-SPRM Spring City,22,101,3,1,0,326
1016,20-SPRU Spring City Unicorporated,12,14,5,1,1,90
1017,"20-SSU Centerfield, Sterling, Fayette,Gunnison Un",5,24,4,2,0,138
1018,20-STRM Sterling Town,10,8,1,1,0,82
1019,20-WALM Wales Town,1,24,5,4,0,112
1020,21-Annabella 1,17,25,3,12,2,293
1021,21-Aurora 2,25,30,7,10,5,382
1022,21-Central Valley 4,12,22,4,7,3,235
1023,21-Elsinore 5,27,49,6,12,3,291
1024,21-Glenwood 6,8,20,3,4,1,232
1025,21-Joseph 7.1.3,17,18,2,4,0,112
1026,21-Joseph 7.2,7,8,3,0,0,57
1027,21-Koosharem 17,3,13,1,4,0,98
1028,21-Monroe 8,35,69,11,19,4,503
1029,21-Monroe 9,36,80,8,16,2,432
1030,21-Redmond 10,9,28,3,8,1,249
1031,21-Richfield 11,16,37,4,11,4,177
1032,21-Richfield 11.2,3,2,2,0,0,57
1033,21-Richfield 12,11,33,5,11,7,259
1034,21-Richfield 13,23,29,7,6,3,270
1035,21-Richfield 20,7,41,7,10,3,194
1036,21-Richfield 20.2,2,9,1,1,1,13
1037,21-Richfield 21,15,38,9,9,2,204
1038,21-Richfield 22,13,22,4,4,0,301
1039,21-Richfield 23,17,19,1,3,4,258
1040,21-Richfield 23.2,1,6,0,0,0,62
1041,21-Richfield 24,10,41,2,3,0,294
1042,21-Richfield 24.2,0,0,0,1,0,15
1043,21-Salina 14,21,20,1,5,1,171
1044,21-Salina 15,13,52,8,4,1,216
1045,21-Salina 25,20,29,5,2,1,204
1046,21-Sigurd 16,28,18,2,2,1,109
1047,21-TOTALS,408,771,113,173,50,5810
1048,21-Venice 18,12,13,4,5,1,122
1049,22-Bitner,9,383,3,17,0,232
1050,22-Chalk Creek,3,31,1,6,2,149
1051,22-Coalville,23,136,4,16,1,338
1052,22-Deer Valley North,1,174,1,5,0,111
1053,22-Deer Valley South,10,337,2,4,2,311
1054,22-Francis,13,165,15,11,0,380
1055,22-Henefer,7,45,2,9,0,261
1056,22-Highland Estates East,11,413,3,10,0,170
1057,22-Highland Estates West,12,285,4,9,1,240
1058,22-Hoytsville,11,31,8,9,0,200
1059,22-Hoytsville uninc,3,39,2,4,0,127
1060,22-Jeremy East,6,328,3,6,0,321
1061,22-Jeremy West,2,239,1,6,0,227
1062,22-Kamas,12,257,10,21,0,397
1063,22-Kimball Canyon,1,64,0,2,1,49
1064,22-Lower Pinebrook,5,546,7,15,0,301
1065,22-Lower Silver Creek,7,231,0,5,2,155
1066,22-Moose Hollow,4,365,2,8,2,257
1067,22-North Summit North,4,21,2,2,0,108
1068,22-Oakley,12,177,5,19,0,445
1069,22-Old Town North,2,223,2,8,0,113
1070,22-Old Town South,2,165,4,4,0,54
1071,22-Park Meadows North,7,297,0,10,1,366
1072,22-Park Meadows South,1,230,2,1,1,123
1073,22-Park West,5,534,6,24,1,359
1074,22-Peoa 15:20,4,41,1,5,0,123
1075,22-Peoa 15:25,0,10,0,0,0,5
1076,22-Peoa 15:32,5,72,1,2,0,118
1077,22-Pinebrook North,4,260,2,4,0,165
1078,22-Promontory Ridge,1,22,0,2,0,49
1079,22-Prospector,2,192,4,10,1,57
1080,22-Quarry Mtn,3,415,2,10,0,260
1081,22-Ranch Place,5,373,1,6,0,253
1082,22-Ranch Road South,1,167,2,1,1,146
1083,22-Sidewinder,2,255,3,6,2,89
1084,22-Silver Springs,6,333,2,5,0,226
1085,22-Snyders Mills,3,252,2,8,3,179
1086,22-South Summit East,12,138,7,9,1,213
1087,22-South Summit South,4,74,2,2,1,208
1088,22-South Summit West,14,87,3,9,0,152
1089,22-Summit Park East,6,562,6,19,1,171
1090,22-Summit Park West,2,204,0,8,1,63
1091,22-Thaynes Canyon,6,222,0,8,1,156
1092,22-Upper Pinebrook,5,139,1,7,0,148
1093,22-Upper Silver Creek,8,139,0,13,0,110
1094,22-Wagon Wheel,5,184,0,3,0,92
1095,22-Wanship 17:10,8,159,4,9,0,215
1096,22-Wanship 17:2,3,133,2,3,0,67
1097,22-Wanship 17:32,0,15,0,0,0,16
1098,22-Weber Canyon 21:20,7,57,5,3,0,86
1099,22-Weber Canyon 21:25,0,8,0,0,0,9
1100,23-DUG-01,3,11,0,3,0,34
1101,23-DUG-02,4,11,0,3,0,15
1102,23-ERD-01:1,27,130,11,22,0,522
1103,23-ERD-01:2,0,4,0,0,0,17
1104,23-ERD-02:1,24,45,7,20,0,179
1105,23-ERD-02:2,1,0,0,0,0,3
1106,23-ERD-02:3,18,58,3,5,0,181
1107,23-ERD-02:4,0,2,1,1,0,25
1108,23-G-01:1,16,77,8,20,0,414
1109,23-G-01:2,9,14,3,0,0,68
1110,23-G-01:3,8,25,1,4,0,71
1111,23-G-02:1,32,99,7,22,0,448
1112,23-G-02:2,0,0,0,0,0,0
1113,23-G-03:1,43,132,10,18,0,665
1114,23-G-03:2,0,0,0,0,0,0
1115,23-G-04:1,29,130,10,17,0,404
1116,23-G-04:2,1,5,0,1,0,14
1117,23-G-05,25,104,14,16,0,481
1118,23-G-06,27,98,5,10,0,434
1119,23-IBA,2,2,0,2,0,19
1120,23-LINC:1,5,59,3,11,0,161
1121,23-LP-01:1,30,94,3,13,0,225
1122,23-LP-02:1,28,32,1,3,0,137
1123,23-OPHIR,1,4,1,0,0,9
1124,23-RV-01:1-01:2,7,33,4,3,0,167
1125,23-SP-01,18,199,12,28,0,534
1126,23-SP-02,31,214,2,27,0,439
1127,23-SP-03,24,198,11,14,0,493
1128,23-SP-04,24,109,3,15,0,355
1129,23-SP-05,21,204,10,20,0,372
1130,23-SP-06,18,68,7,13,0,213
1131,23-SP-07,20,131,5,20,0,376
1132,23-STK-01:1-01:2,4,56,2,3,0,127
1133,23-STK-02:1-02:2,28,62,7,14,0,294
1134,23-T-01,7,129,6,7,0,289
1135,23-T-02,16,157,7,20,0,222
1136,23-T-03:1-03:2,10,140,1,8,0,262
1137,23-T-04:1-04:2,22,195,12,28,0,436
1138,23-T-05,11,122,15,12,0,182
1139,23-T-06,22,104,12,10,0,181
1140,23-T-07,17,124,12,8,0,204
1141,23-T-08,23,136,10,20,0,214
1142,23-T-09,33,194,8,27,0,387
1143,23-T-10,21,171,14,14,0,370
1144,23-T-11,9,80,6,5,0,245
1145,23-T-12,11,140,7,10,0,313
1146,23-T-13,26,85,7,18,0,237
1147,23-T-14,26,154,8,26,0,349
1148,23-T-15,22,179,8,25,0,403
1149,23-T-16,27,154,10,30,0,301
1150,23-T-17,34,151,17,21,0,432
1151,23-T-18,26,161,4,18,0,285
1152,23-T-19,26,113,6,12,0,284
1153,23-T-20,22,132,3,20,0,330
1154,23-T-21,41,219,11,30,0,408
1155,23-TERRA,2,5,1,4,0,24
1156,23-VRN-01:1-01:2,8,15,2,1,0,94
1157,23-WEND,2,21,0,4,0,59
1158,24-Ashley East #15,26,36,9,13,1,382
1159,24-Ashley West #22,32,33,9,12,0,328
1160,24-Avalon Willows #16,8,22,1,5,0,84
1161,24-Ballard #19,41,65,8,6,4,319
1162,24-Davis East #2,17,20,8,9,1,302
1163,24-Davis North #24,23,12,5,12,2,190
1164,24-Davis West #3,42,28,6,11,2,283
1165,24-Ft. Duchesne #18,23,83,7,6,7,119
1166,24-Glines North #23,24,45,2,13,2,335
1167,24-Glines South #17,15,36,4,11,1,313
1168,24-Jensen #1,30,47,9,7,4,293
1169,24-Lapoint/Tridell #21,52,33,8,12,2,363
1170,24-Maeser East #6,31,47,7,14,0,435
1171,24-Maeser West #25,30,41,10,27,3,451
1172,24-Maeser/Dry Fork #7,29,58,5,7,5,433
1173,24-Naples #4,48,71,13,23,8,648
1174,24-South #5,49,54,12,30,1,506
1175,24-Southwest 26,23,32,2,13,4,382
1176,24-Vernal City #10,41,52,3,13,1,261
1177,24-Vernal City #11,16,41,7,9,1,286
1178,24-Vernal City #12,30,39,5,11,2,226
1179,24-Vernal City #13,21,70,3,12,5,200
1180,24-Vernal City #14,6,39,3,6,4,129
1181,24-Vernal City #8,37,48,5,12,2,383
1182,24-Vernal City #9,13,50,7,12,0,242
1183,24-Whiterocks #20,4,33,0,0,0,53
1184,25-AF01,23,173,4,24,0,863
1185,25-AF01:UN,2,26,1,3,0,55
1186,25-AF01S,0,0,0,0,0,0
1187,25-AF02,16,126,10,19,0,402
1188,25-AF03,19,95,8,9,0,674
1189,25-AF03:UN,0,0,0,0,0,0
1190,25-AF04,21,127,11,17,0,467
1191,25-AF05,10,112,5,19,0,463
1192,25-AF06,32,110,4,17,0,687
1193,25-AF06:UN,0,0,0,0,0,0
1194,25-AF06S,2,18,0,7,0,111
1195,25-AF07,19,154,5,40,0,832
1196,25-AF08,33,151,5,26,0,689
1197,25-AF08:UN,0,0,0,0,0,0
1198,25-AF09,25,106,10,19,0,518
1199,25-AF10,14,68,1,10,0,695
1200,25-AF10:UN,1,3,0,1,0,32
1201,25-AF10S,3,8,2,1,0,68
1202,25-AF10S:UN,0,0,0,0,0,2
1203,25-AF11,15,98,6,17,0,466
1204,25-AF11:UN,0,0,0,0,0,0
1205,25-AF12,31,149,11,20,0,406
1206,25-AF12:UN,0,2,0,0,0,3
1207,25-AF13,16,79,10,13,0,334
1208,25-AF13:UN,1,4,3,0,0,20
1209,25-AF14,0,3,2,1,0,15
1210,25-AF14:UN,0,3,0,0,0,7
1211,25-AL01,7,89,3,9,0,580
1212,25-AL01:UN,0,0,0,0,0,2
1213,25-AL02,10,62,8,13,0,635
1214,25-AL02:UN,0,2,0,0,0,1
1215,25-AL03,14,98,2,19,0,689
1216,25-AL04,26,90,4,17,0,688
1217,25-AL05,13,63,1,6,0,523
1218,25-AL06,12,76,7,10,0,586
1219,25-CF01,7,19,3,4,0,117
1220,25-CH01,24,53,5,7,0,455
1221,25-CH02,18,77,4,15,0,606
1222,25-CH02:UN,0,0,0,0,0,0
1223,25-CH03,19,118,6,20,0,627
1224,25-CH04,35,92,3,23,0,702
1225,25-CH05,7,78,4,13,0,642
1226,25-DR01,22,303,7,38,0,584
1227,25-EM01,28,123,7,31,0,717
1228,25-EM02,49,167,20,54,0,773
1229,25-EM03,31,177,7,47,0,814
1230,25-EM04,63,191,18,40,0,703
1231,25-EM05,35,162,10,41,0,755
1232,25-EM06,23,177,11,41,0,843
1233,25-EM07,41,69,11,24,0,629
1234,25-EM08,27,189,9,27,0,754
1235,25-EM09,11,6,4,16,0,79
1236,25-ER01,41,71,20,15,1,829
1237,25-ER01S,0,0,0,0,0,5
1238,25-ER02,18,45,11,15,0,430
1239,25-ER02:UN,0,0,0,0,0,0
1240,25-FF01,2,19,0,3,0,34
1241,25-GE01,18,31,8,10,0,435
1242,25-GO01,5,23,5,8,0,89
1243,25-GO02,7,22,3,9,0,97
1244,25-HI01,14,88,8,21,0,635
1245,25-HI02,63,79,3,19,0,623
1246,25-HI03,23,64,5,5,0,592
1247,25-HI03:UN,0,0,0,0,0,0
1248,25-HI04,20,65,0,6,0,600
1249,25-HI05,26,107,8,11,0,692
1250,25-HI05:UN,0,0,0,0,0,0
1251,25-HI06,28,82,6,20,0,585
1252,25-HI06:UN,0,1,0,0,0,3
1253,25-HI07,41,100,6,14,0,655
1254,25-HI08,16,102,1,9,0,734
1255,25-HI08:UN,0,0,0,0,0,0
1256,25-HI09,41,101,4,21,0,752
1257,25-HI09:UN,0,0,0,0,0,2
1258,25-HI10,7,24,2,6,0,172
1259,25-LE01,18,157,7,14,0,561
1260,25-LE01:UN,1,7,0,2,0,10
1261,25-LE01S,0,0,0,0,0,0
1262,25-LE01S:UN,0,1,0,0,0,0
1263,25-LE02,20,127,10,15,0,504
1264,25-LE03,20,99,7,28,0,669
1265,25-LE03:UN,0,9,0,1,0,13
1266,25-LE04,11,141,4,23,0,603
1267,25-LE04:UN,0,0,0,0,0,10
1268,25-LE05,18,127,11,14,0,613
1269,25-LE05:UN,0,4,1,0,0,27
1270,25-LE06,18,104,6,26,0,772
1271,25-LE06:UN,0,8,0,6,0,29
1272,25-LE06S,0,0,0,0,0,0
1273,25-LE07,28,106,5,22,0,495
1274,25-LE07:UN,0,0,0,0,0,0
1275,25-LE08,12,137,7,10,0,769
1276,25-LE08:UN,1,0,0,0,0,18
1277,25-LE09,21,67,5,8,0,493
1278,25-LE09:UN,0,0,0,0,0,0
1279,25-LE10,27,97,3,18,0,1000
1280,25-LE10:UN,1,4,0,0,0,18
1281,25-LE11,24,141,7,22,0,771
1282,25-LE11:UN,0,0,0,1,0,8
1283,25-LE12,40,132,1,16,0,885
1284,25-LE12:UN,0,5,0,2,0,19
1285,25-LE13,2,34,1,8,0,130
1286,25-LE13:UN,0,0,0,0,0,0
1287,25-LE14,15,180,3,31,0,507
1288,25-LE15,27,146,9,26,0,557
1289,25-LE15:UN,0,1,0,0,0,7
1290,25-LE16,21,64,4,14,0,447
1291,25-LE16:UN,0,9,0,2,0,13
1292,25-LE17,14,75,2,5,0,469
1293,25-LE17:UN,0,2,0,2,0,16
1294,25-LE18,16,134,2,22,0,490
1295,25-LE18:UN,0,0,0,0,0,0
1296,25-LE19,28,158,3,25,0,855
1297,25-LE19:UN,0,10,1,3,0,38
1298,25-LE20,11,116,7,17,0,430
1299,25-LE20:UN,0,0,0,0,0,0
1300,25-LE21,0,0,0,0,0,0
1301,25-LE22,21,89,4,8,0,441
1302,25-LE22:UN,0,0,0,0,0,2
1303,25-LE23,17,123,7,23,0,597
1304,25-LE23:UN,1,3,0,1,0,4
1305,25-LE24,17,161,5,21,0,594
1306,25-LE25,16,125,3,18,0,450
1307,25-LE26,14,113,4,15,0,660
1308,25-LE26:UN,0,3,0,0,0,14
1309,25-LI01,34,157,13,23,0,966
1310,25-LI02,5,50,1,7,0,420
1311,25-LI03,13,45,2,12,0,371
1312,25-LI04,17,97,7,9,0,614
1313,25-LI05,16,70,3,9,0,626
1314,25-LI06,15,89,7,20,0,555
1315,25-MA01,21,103,4,14,0,711
1316,25-MA02,12,95,6,13,0,830
1317,25-MA02:UN,0,0,0,0,0,0
1318,25-MA03,39,106,7,24,0,770
1319,25-MA04,25,100,5,22,0,667
1320,25-MA05,15,44,3,18,0,553
1321,25-MA05:UN,0,0,0,0,0,0
1322,25-OR01,19,116,6,15,0,536
1323,25-OR02,19,150,5,20,0,277
1324,25-OR03,7,81,4,6,0,521
1325,25-OR04,20,187,11,29,0,423
1326,25-OR05,25,177,11,25,0,757
1327,25-OR06,21,109,1,22,0,410
1328,25-OR07,17,79,6,13,0,553
1329,25-OR08,19,157,7,22,0,322
1330,25-OR09,7,37,5,8,0,253
1331,25-OR10,17,74,5,17,0,337
1332,25-OR11,24,128,9,20,0,577
1333,25-OR12,16,109,4,14,0,212
1334,25-OR13,10,168,6,21,0,360
1335,25-OR14,9,99,8,12,0,216
1336,25-OR15,27,157,13,18,0,453
1337,25-OR16,18,102,7,15,0,397
1338,25-OR17,14,151,11,22,0,484
1339,25-OR18,10,138,12,16,0,298
1340,25-OR19,24,65,9,14,0,513
1341,25-OR20,20,145,6,20,0,487
1342,25-OR21,33,112,12,20,0,466
1343,25-OR22,24,129,4,27,0,615
1344,25-OR23,14,88,8,17,0,577
1345,25-OR24,12,113,8,10,0,565
1346,25-OR25,12,73,4,7,0,346
1347,25-OR26,10,87,4,19,0,423
1348,25-OR27,22,144,8,26,0,476
1349,25-OR28,14,143,8,24,0,527
1350,25-OR29,16,125,11,25,0,715
1351,25-OR30,19,112,4,19,0,535
1352,25-OR31,6,103,4,8,0,506
1353,25-OR32,15,88,5,10,0,440
1354,25-OR33,3,9,2,0,0,29
1355,25-OR34,9,61,5,15,0,290
1356,25-OR35,21,106,1,17,0,363
1357,25-OR36,13,74,3,15,0,394
1358,25-OR36:UN,0,0,0,0,0,0
1359,25-OR37,12,98,5,9,0,370
1360,25-OR38,13,100,5,14,0,418
1361,25-OR39,8,37,4,7,0,198
1362,25-OR40,15,163,8,25,0,455
1363,25-OR41,13,79,15,18,0,373
1364,25-OR42,11,158,4,18,0,330
1365,25-OR42S,0,22,1,3,0,67
1366,25-OR43,23,138,10,17,0,530
1367,25-OR44,11,82,10,13,0,341
1368,25-OR45,21,88,6,14,0,386
1369,25-OR46,9,97,7,11,0,436
1370,25-OR47,22,104,8,29,0,545
1371,25-OR47:UN,0,0,0,1,0,2
1372,25-OR47S,0,0,0,0,0,4
1373,25-OR48,4,14,0,2,0,150
1374,25-OR49,19,73,4,17,0,408
1375,25-OR50,17,98,2,14,0,420
1376,25-PA01,42,171,16,38,0,659
1377,25-PA01:UN,7,6,1,0,0,64
1378,25-PA02,44,121,14,19,0,804
1379,25-PA03,37,137,16,24,0,663
1380,25-PA03:UN,0,0,0,0,0,0
1381,25-PA04,22,71,15,11,0,453
1382,25-PA04:UN,1,8,0,2,0,44
1383,25-PA05,27,81,9,11,0,304
1384,25-PA06,7,31,4,6,0,232
1385,25-PA06:UN,11,40,4,6,0,498
1386,25-PA07,33,125,19,30,0,766
1387,25-PA08,32,109,10,19,0,453
1388,25-PG01,22,64,13,15,0,668
1389,25-PG01:UN,0,0,0,0,0,0
1390,25-PG01S,5,12,2,0,0,92
1391,25-PG02,27,109,2,16,0,380
1392,25-PG03,17,144,14,32,0,729
1393,25-PG04,12,106,12,32,0,674
1394,25-PG05,6,87,9,13,0,278
1395,25-PG05S,1,9,0,4,0,49
1396,25-PG05S:UN,0,0,0,0,0,2
1397,25-PG06,26,172,11,26,0,723
1398,25-PG07,20,103,8,18,0,554
1399,25-PG08,37,123,8,14,0,572
1400,25-PG08:UN,0,0,0,0,0,0
1401,25-PG09,33,124,7,32,0,757
1402,25-PG10,21,189,6,20,0,560
1403,25-PG10:UN,0,1,1,0,0,3
1404,25-PG11,24,137,8,19,0,806
1405,25-PG12,16,105,10,25,0,493
1406,25-PG13,22,154,11,21,0,521
1407,25-PG14,21,50,9,23,0,632
1408,25-PR01,16,138,7,19,0,275
1409,25-PR01:UN,0,0,0,0,0,0
1410,25-PR02,14,133,3,24,0,311
1411,25-PR03,19,162,7,22,0,540
1412,25-PR04,6,209,3,20,0,316
1413,25-PR05,9,142,4,16,0,349
1414,25-PR06,9,140,6,7,0,189
1415,25-PR07,6,148,2,13,0,341
1416,25-PR08,0,59,1,4,0,115
1417,25-PR09,6,157,7,20,0,362
1418,25-PR10,17,142,2,8,0,377
1419,25-PR11,13,119,8,7,0,306
1420,25-PR12,7,156,4,12,0,377
1421,25-PR13,12,95,4,11,0,562
1422,25-PR14,14,138,4,17,0,278
1423,25-PR15,24,149,4,14,0,709
1424,25-PR15:UN,0,2,0,0,0,5
1425,25-PR16,14,123,4,5,0,479
1426,25-PR17,19,220,9,23,0,498
1427,25-PR18,27,203,12,17,0,624
1428,25-PR19,16,122,5,22,0,386
1429,25-PR20,24,143,4,18,0,458
1430,25-PR21,12,136,8,16,0,303
1431,25-PR22,8,45,2,9,0,106
1432,25-PR23,15,175,7,19,0,346
1433,25-PR24,14,134,5,22,0,429
1434,25-PR25,18,77,2,9,0,486
1435,25-PR26,16,161,6,19,0,505
1436,25-PR27,20,161,4,15,0,560
1437,25-PR28,6,66,1,7,0,196
1438,25-PR29,9,94,4,19,0,149
1439,25-PR30,6,79,4,15,0,396
1440,25-PR31,22,141,8,16,0,637
1441,25-PR32,13,82,2,4,0,402
1442,25-PR33,3,56,0,3,0,264
1443,25-PR34,12,89,2,8,0,167
1444,25-PR35,26,169,6,22,0,473
1445,25-PR36,9,202,1,15,0,671
1446,25-PR37,7,101,4,9,0,426
1447,25-PR38,5,32,2,9,0,307
1448,25-PR39,13,112,4,11,0,562
1449,25-PR40,6,112,6,13,0,426
1450,25-PR41,13,92,1,12,0,449
1451,25-PR42,19,92,0,8,0,516
1452,25-PR43,25,123,4,15,0,282
1453,25-PR44,25,152,6,17,0,293
1454,25-PR45,10,140,10,21,0,543
1455,25-SA01,9,21,4,6,0,107
1456,25-SA02,36,139,14,16,0,1138
1457,25-SA02:UN,4,3,6,3,0,72
1458,25-SA03,41,139,10,26,0,839
1459,25-SA03:UN,0,0,0,0,0,0
1460,25-SA04,8,41,3,5,0,305
1461,25-SA04:UN,6,11,1,1,0,79
1462,25-SA05,3,14,7,4,0,120
1463,25-SF01,21,106,18,18,0,348
1464,25-SF02,20,77,5,9,0,462
1465,25-SF02:UN,6,12,2,1,0,63
1466,25-SF03,27,109,14,19,0,362
1467,25-SF04,17,103,6,13,0,403
1468,25-SF04:UN,1,6,1,1,0,27
1469,25-SF05,27,152,17,37,0,543
1470,25-SF06,9,52,7,10,0,409
1471,25-SF07,3,12,0,0,0,16
1472,25-SF07:UN,1,18,1,2,0,182
1473,25-SF07S,0,3,0,0,0,2
1474,25-SF08,34,161,13,24,0,825
1475,25-SF08:UN,0,7,1,0,0,27
1476,25-SF09,27,107,5,21,0,934
1477,25-SF09:UN,1,2,0,0,0,7
1478,25-SF10,14,90,1,13,0,446
1479,25-SF11,14,111,9,23,0,707
1480,25-SF12,14,100,6,16,0,527
1481,25-SF12:UN,0,0,0,0,0,0
1482,25-SF13,8,55,3,13,0,564
1483,25-SF13:UN,0,1,0,1,0,13
1484,25-SF14,23,73,12,18,0,382
1485,25-SF15,27,108,10,37,0,704
1486,25-SF16,37,131,7,34,0,746
1487,25-SF17,21,71,4,13,0,468
1488,25-SF17:UN,0,0,0,0,0,0
1489,25-SP01,23,166,13,22,0,565
1490,25-SP02,15,48,2,3,0,198
1491,25-SP02:UN,0,0,0,0,0,0
1492,25-SP03,0,10,0,0,0,36
1493,25-SP03:UN,0,0,0,0,0,3
1494,25-SP04,14,128,7,17,0,436
1495,25-SP04:UN,0,0,0,0,0,0
1496,25-SP05,14,112,5,15,0,468
1497,25-SP06,12,81,5,11,0,573
1498,25-SP07,15,82,5,20,0,852
1499,25-SP07:UN,13,35,2,3,0,134
1500,25-SP08,16,105,11,23,0,415
1501,25-SP09,32,179,12,25,0,687
1502,25-SP09:UN,0,0,0,0,0,0
1503,25-SP10,20,137,7,11,0,509
1504,25-SP11,21,117,9,19,0,500
1505,25-SP12,30,139,5,21,0,442
1506,25-SP13,5,96,8,14,0,283
1507,25-SP14,20,75,3,13,0,467
1508,25-SP14:UN,0,0,0,0,0,0
1509,25-SP15,12,94,4,16,0,305
1510,25-SP16,30,135,9,33,0,367
1511,25-SP17,4,46,4,9,0,130
1512,25-SP18,11,62,2,7,0,271
1513,25-SQ01,31,90,11,26,0,647
1514,25-SQ01:UN,4,12,1,2,0,86
1515,25-SQ02,49,152,20,37,0,991
1516,25-SQ02:UN,0,1,0,0,0,6
1517,25-SQ03,38,83,5,18,0,602
1518,25-SQ03:UN,0,0,0,0,0,6
1519,25-SQ04,14,33,5,11,0,208
1520,25-SQ04:UN,0,1,0,0,0,8
1521,25-SR01,23,111,9,20,0,822
1522,25-SR02,16,155,4,21,0,554
1523,25-SR02:UN,0,2,0,1,0,2
1524,25-SR03,18,90,4,20,0,791
1525,25-SR03:UN,1,7,0,2,0,30
1526,25-SR04,23,129,7,32,0,404
1527,25-SR05,24,106,9,12,0,627
1528,25-SR06,28,154,7,29,0,826
1529,25-SR07,23,133,9,18,0,713
1530,25-SR08,17,106,3,28,0,527
1531,25-SR08:UN,0,0,0,0,0,0
1532,25-SR09,36,114,9,28,0,765
1533,25-SR10,37,142,13,39,0,725
1534,25-UCBE1,0,0,0,0,0,0
1535,25-UCBE2,0,10,0,1,0,27
1536,25-UCCB1,4,11,2,5,0,102
1537,25-UCCF1,0,0,0,0,0,0
1538,25-UCCF2,0,0,0,0,0,0
1539,25-UCEL1,5,12,1,3,0,55
1540,25-UCEL2,8,2,1,0,0,46
1541,25-UCFF,0,0,0,1,0,4
1542,25-UCLS1,20,52,5,6,0,440
1543,25-UCLS2,5,23,0,1,0,185
1544,25-UCLV,0,0,0,0,0,0
1545,25-UCPC1,1,19,0,1,0,89
1546,25-UCPC2,0,31,0,0,0,58
1547,25-UCSL,14,35,5,5,0,164
1548,25-UCUL1,0,0,0,0,0,0
1549,25-UCUL2,0,0,0,0,0,0
1550,25-VI01,22,210,5,40,0,936
1551,25-VI01S,1,11,0,0,0,33
1552,25-VI01S2,1,1,0,0,0,20
1553,25-VI01UL,0,0,0,0,0,0
1554,25-VI02,7,110,7,9,0,124
1555,25-WH01,33,72,4,15,0,511
1556,26-Wasatch 10,3,149,6,4,0,132
1557,26-Wasatch 11,10,113,3,7,0,143
1558,26-Wasatch 12,4,97,4,6,1,167
1559,26-Wasatch 13,6,79,7,12,1,215
1560,26-Wasatch 14,6,167,4,10,5,571
1561,26-Wasatch 20,16,118,7,10,4,212
1562,26-Wasatch 21,9,54,6,7,0,141
1563,26-Wasatch 22,7,59,3,11,0,244
1564,26-Wasatch 23,6,122,0,7,4,314
1565,26-Wasatch 24,2,25,2,2,1,65
1566,26-Wasatch 24:1,11,77,1,10,1,234
1567,26-Wasatch 25,6,65,1,7,1,303
1568,26-Wasatch 30,10,440,6,22,0,448
1569,26-Wasatch 30:1,0,64,0,0,1,58
1570,26-Wasatch 31,20,97,9,3,6,439
1571,26-Wasatch 31:1,0,8,1,0,0,29
1572,26-Wasatch 32,3,21,3,5,0,105
1573,26-Wasatch 32:1,7,5,1,1,0,28
1574,26-Wasatch 33,3,63,1,7,0,182
1575,26-Wasatch 33:1,7,123,4,8,0,171
1576,26-Wasatch 34,3,68,2,4,1,254
1577,26-Wasatch 40,18,140,0,9,0,376
1578,26-Wasatch 41,1,38,2,1,1,50
1579,26-Wasatch 42,2,11,1,1,0,74
1580,26-Wasatch 42:1,20,140,5,7,4,373
1581,26-Wasatch 43,0,3,0,0,0,5
1582,26-Wasatch 43:1,11,79,3,3,1,285
1583,26-Wasatch 44,14,38,4,4,2,195
1584,26-Wasatch 44:1,2,27,0,1,0,91
1585,26-Wasatch 50,12,135,5,14,0,322
1586,26-Wasatch 51,15,249,3,8,0,580
1587,26-Wasatch 52,10,203,1,14,2,448
1588,26-Wasatch 53,15,166,7,9,1,491
1589,26-Wasatch 54,2,24,0,0,0,25
1590,26-Wasatch 54:1,1,1,0,0,0,2
1591,26-Wasatch 54:2,0,80,0,0,0,42
1592,26-Wasatch 54:3,2,42,1,0,1,134
1593,26-Wasatch 55,3,8,0,0,0,24
1594,26-Wasatch 55:1,7,69,0,4,1,154
1595,27-AV51,37,66,20,12,0,175
1596,27-COAND,0,0,0,0,0,0
1597,27-COCDSR,3,17,1,1,0,102
1598,27-COCNBR,19,18,6,8,0,134
1599,27-CODAV,40,118,7,14,0,307
1600,27-CODIV,37,50,5,20,0,323
1601,27-CODXDR,47,48,11,13,0,135
1602,27-COGL,3,9,0,2,0,39
1603,27-COGUBL,0,0,0,0,0,4
1604,27-COHS74,0,4,1,1,0,15
1605,27-COHV28,2,2,0,1,0,14
1606,27-COHV29,0,1,0,0,0,3
1607,27-COLEED,10,23,5,5,0,107
1608,27-CONCF,11,8,0,3,0,46
1609,27-CONH,48,73,8,19,0,347
1610,27-COPINE,6,14,0,3,0,109
1611,27-COSN28,0,18,0,2,0,8
1612,27-COVE,17,17,12,11,0,140
1613,27-COWH,54,66,24,13,0,310
1614,27-EN82,47,28,7,22,0,500
1615,27-HIL97,19,17,12,4,0,101
1616,27-HU52,45,87,11,29,0,409
1617,27-HU53,58,104,13,32,0,465
1618,27-HU54,32,86,15,19,0,536
1619,27-HU55,29,68,11,16,0,329
1620,27-HU56,52,223,21,14,0,569
1621,27-HU57,44,181,11,23,0,433
1622,27-HU58,51,88,14,20,0,519
1623,27-HU59,34,165,2,14,0,444
1624,27-HU60,49,167,21,43,0,722
1625,27-IV76,17,155,6,19,0,399
1626,27-IV77,36,220,14,24,0,493
1627,27-IV78,47,404,8,17,0,490
1628,27-IV79,35,148,6,33,0,496
1629,27-IV80,33,200,6,25,0,516
1630,27-LA85,34,106,8,17,0,322
1631,27-LA86,35,75,8,18,0,246
1632,27-LA87,27,57,7,22,0,247
1633,27-LE90,35,66,4,21,0,314
1634,27-NH93,7,15,1,3,0,98
1635,27-RC94,0,91,2,1,0,46
1636,27-SC71,44,86,12,14,0,678
1637,27-SC72,26,64,5,24,0,328
1638,27-SC73,25,127,8,19,0,539
1639,27-SC74,33,138,12,33,0,615
1640,27-SG01,29,122,8,14,0,299
1641,27-SG02,17,95,11,17,0,318
1642,27-SG03,23,74,11,19,0,302
1643,27-SG04,19,69,6,18,0,201
1644,27-SG05,25,66,10,12,0,295
1645,27-SG06,21,127,7,22,0,272
1646,27-SG07,24,111,10,18,0,335
1647,27-SG08,12,108,8,23,0,332
1648,27-SG09,27,198,11,22,0,516
1649,27-SG10,16,70,4,17,0,227
1650,27-SG11,32,125,12,15,0,333
1651,27-SG12,23,144,8,19,0,353
1652,27-SG13,30,165,12,29,0,263
1653,27-SG14,20,117,4,9,0,277
1654,27-SG15,36,138,10,26,0,431
1655,27-SG16,36,114,7,13,0,380
1656,27-SG17,33,150,9,8,0,694
1657,27-SG18,33,117,13,36,0,425
1658,27-SG19,28,124,10,14,0,529
1659,27-SG20,47,154,7,25,0,538
1660,27-SG21,32,170,7,17,0,551
1661,27-SG22,25,115,6,18,0,379
1662,27-SG23,43,156,15,19,0,487
1663,27-SG24,27,74,8,14,0,294
1664,27-SG25,20,79,6,14,0,338
1665,27-SG26,29,75,4,23,0,439
1666,27-SG27,36,119,4,18,0,467
1667,27-SG28,32,140,14,30,0,611
1668,27-SG29,41,130,12,14,0,488
1669,27-SG30,49,158,16,17,0,667
1670,27-SG31,24,85,3,10,0,547
1671,27-SG32,25,97,10,20,0,565
1672,27-SG33,16,63,4,7,0,394
1673,27-SG34,28,184,5,18,0,622
1674,27-SG35,41,153,10,26,0,417
1675,27-SG36,42,146,10,26,0,472
1676,27-SG37,45,133,13,24,0,441
1677,27-SG38,38,171,15,22,0,345
1678,27-SG39,48,271,11,11,0,732
1679,27-SG40,24,56,6,15,0,473
1680,27-SG41,28,172,15,8,0,404
1681,27-SG42,26,86,5,13,0,551
1682,27-SG43,20,81,6,13,0,498
1683,27-SG44,30,98,10,27,0,631
1684,27-SG45,46,103,6,34,0,735
1685,27-SG46,25,312,9,30,0,791
1686,27-SG47,24,188,6,5,0,512
1687,27-SG48,20,81,3,11,0,307
1688,27-SG49,51,60,9,15,0,502
1689,27-SP95,2,184,0,3,0,122
1690,27-TQ96,75,110,9,17,0,485
1691,27-VI89,14,142,14,21,0,198
1692,27-WA60,40,80,7,11,0,575
1693,27-WA61,31,119,6,15,0,396
1694,27-WA62,51,92,4,44,0,382
1695,27-WA63,32,108,6,31,0,398
1696,27-WA64,57,173,13,32,0,668
1697,27-WA65,29,42,7,16,0,313
1698,27-WA66,34,135,8,17,0,380
1699,27-WA67,51,86,17,19,0,595
1700,27-WA68,61,78,6,20,0,616
1701,27-WA69,35,95,9,15,0,511
1702,27-WA70,23,62,5,15,0,454
1703,27-WA71,59,161,4,23,0,600
1704,27-WA72,27,56,6,13,0,343
1705,27-WA73,37,172,19,24,0,414
1706,28-Bicknell in/out,8,20,4,7,0,186
1707,28-Fremont,7,11,1,0,0,105
1708,28-Hanksville in/out,14,15,0,2,2,85
1709,28-Loa in/out,6,16,0,3,4,284
1710,28-Lyman in/out,6,8,4,1,0,124
1711,28-Teesdale,3,81,5,4,0,102
1712,28-Torrey in/out,4,116,3,8,2,112
1713,29-CYN001,3,53,2,6,0,37
1714,29-FRW001,18,79,3,11,1,476
1715,29-FRW002,24,132,5,12,1,304
1716,29-FRW003,24,129,11,29,3,583
1717,29-FRW004,32,143,12,35,2,652
1718,29-HPR001,21,82,10,14,2,454
1719,29-HPR002,10,40,6,7,1,223
1720,29-HPR003,28,78,7,15,1,383
1721,29-HPR004,18,109,7,6,1,411
1722,29-HPR005,14,106,11,22,1,415
1723,29-HPR006,19,77,9,16,1,379
1724,29-HSV001,29,153,10,22,3,443
1725,29-HSV002,16,147,4,24,0,430
1726,29-HSV003,1,26,2,3,0,114
1727,29-HSV004,20,212,10,19,7,537
1728,29-HTV001,19,81,5,12,0,195
1729,29-HTV002,29,276,9,24,2,593
1730,29-MSC001,0,6,0,0,0,32
1731,29-MSC002,7,85,4,4,0,190
1732,29-MSC003,4,29,3,2,1,120
1733,29-MSC004,3,38,1,6,0,160
1734,29-NOG001,13,121,8,11,2,324
1735,29-NOG002,27,145,8,18,4,392
1736,29-NOG003,38,144,6,29,2,418
1737,29-NOG004,12,92,4,13,2,329
1738,29-NOG005,24,133,3,15,5,512
1739,29-NOG006,14,138,10,14,3,325
1740,29-NOG007,26,130,9,15,2,401
1741,29-NOG008,33,156,4,15,0,528
1742,29-NOG009,20,155,3,16,1,529
1743,29-NOG010,25,126,4,13,0,577
1744,29-NOG011,16,158,13,29,1,465
1745,29-NOG012,22,158,6,26,1,503
1746,29-NOG013,17,197,5,20,6,456
1747,29-OGD001,12,231,13,25,3,207
1748,29-OGD002,18,279,7,28,0,324
1749,29-OGD003,15,191,8,25,0,259
1750,29-OGD004,26,228,12,21,5,243
1751,29-OGD005,10,236,9,19,0,253
1752,29-OGD006,20,149,6,17,1,202
1753,29-OGD007,10,150,2,19,3,167
1754,29-OGD008,14,224,5,19,2,231
1755,29-OGD009,9,209,8,19,1,251
1756,29-OGD010,22,237,11,18,1,244
1757,29-OGD011,13,196,6,30,1,234
1758,29-OGD012,15,159,15,15,2,186
1759,29-OGD013,12,235,14,15,0,225
1760,29-OGD014,22,307,7,23,0,298
1761,29-OGD015,15,263,13,44,1,203
1762,29-OGD016,12,175,9,12,1,136
1763,29-OGD017,17,237,10,26,3,207
1764,29-OGD018,20,230,8,25,0,271
1765,29-OGD019,3,47,3,9,0,98
1766,29-OGD020,3,94,4,4,1,82
1767,29-OGD021,18,200,4,18,1,197
1768,29-OGD022,9,247,9,35,0,161
1769,29-OGD023,22,271,14,25,2,275
1770,29-OGD024,12,287,11,26,2,273
1771,29-OGD025,14,370,10,25,3,276
1772,29-OGD026,14,206,3,23,1,132
1773,29-OGD027,13,214,7,16,2,122
1774,29-OGD028,13,185,3,25,1,148
1775,29-OGD029,15,248,6,22,3,147
1776,29-OGD030,8,202,9,27,1,150
1777,29-OGD031,8,232,8,14,3,88
1778,29-OGD032,14,251,8,31,2,205
1779,29-OGD033,10,148,5,21,4,170
1780,29-OGD034,9,186,10,20,1,183
1781,29-OGD035,8,194,10,18,0,242
1782,29-OGD036,12,202,10,7,1,318
1783,29-OGD037,4,234,1,14,0,185
1784,29-OGD038,17,303,11,26,1,293
1785,29-OGD039,9,210,2,6,4,256
1786,29-OGD040,10,181,5,7,2,259
1787,29-OGD041,4,108,1,3,1,175
1788,29-OGD042,15,213,2,14,0,265
1789,29-OGD043,10,202,4,14,0,344
1790,29-OGD044,7,198,4,5,0,371
1791,29-OGD045,8,192,2,17,0,372
1792,29-PLC001,17,112,5,19,3,615
1793,29-PLC002,23,158,9,22,6,663
1794,29-PLC003,7,49,6,8,1,234
1795,29-PLC004,21,115,17,13,4,578
1796,29-PLV001,23,131,6,24,0,508
1797,29-PLV002,17,119,1,17,0,547
1798,29-PLV003,22,115,6,17,2,514
1799,29-PLV004,25,176,12,13,5,391
1800,29-PLV005,30,138,7,18,1,831
1801,29-PLV006,7,90,10,6,2,139
1802,29-RIV001,21,192,5,21,1,450
1803,29-RIV002,17,209,10,15,0,340
1804,29-RIV003,27,175,6,27,3,338
1805,29-RIV004,21,138,7,14,1,256
1806,29-RIV005,21,168,7,25,2,319
1807,29-ROY001,27,200,6,36,2,440
1808,29-ROY002,21,165,13,30,2,481
1809,29-ROY003,19,160,4,20,1,333
1810,29-ROY004,29,204,14,13,5,381
1811,29-ROY005,20,150,12,15,3,380
1812,29-ROY006,19,187,9,29,1,377
1813,29-ROY007,20,159,12,24,0,408
1814,29-ROY008,15,214,11,17,4,374
1815,29-ROY009,18,155,7,13,2,345
1816,29-ROY010,15,193,7,30,1,346
1817,29-ROY011,25,141,6,19,0,339
1818,29-ROY012,10,153,8,22,4,362
1819,29-ROY013,17,160,9,27,2,343
1820,29-ROY014,23,214,8,22,2,403
1821,29-ROY015,19,153,12,18,3,246
1822,29-ROY016,17,144,10,11,2,244
1823,29-ROY017,25,191,14,13,4,375
1824,29-ROY018,19,192,16,14,5,355
1825,29-ROY019,22,178,16,37,1,373
1826,29-SOG001,11,129,5,18,1,139
1827,29-SOG002,13,128,7,18,6,207
1828,29-SOG003,10,147,14,19,1,277
1829,29-SOG004,12,148,5,18,2,289
1830,29-SOG005,10,217,8,20,1,346
1831,29-SOG006,5,82,2,8,1,157
1832,29-SOG007,10,162,13,14,6,376
1833,29-SOG008,11,219,3,10,4,376
1834,29-SOG009,7,228,5,27,1,247
1835,29-SOG010,9,241,6,19,3,414
1836,29-SOG011,8,198,6,9,2,480
1837,29-SOG012,18,206,5,27,3,400
1838,29-TAY001,13,38,2,10,0,230
1839,29-TAY002,12,105,4,18,0,437
1840,29-UIN001,21,94,13,22,1,415
1841,29-VLY001,25,216,5,26,4,456
1842,29-VLY002,28,293,9,22,11,551
1843,29-VLY003,14,186,5,19,2,439
1844,29-WAT001,16,160,4,28,7,282
1845,29-WAT002,21,181,11,21,5,258
1846,29-WAT003,11,130,5,10,2,200
1847,29-WAT004,14,201,13,29,1,169
1848,29-WAT005,18,153,4,9,1,289
1849,29-WAT006,16,198,1,24,3,432
1850,29-WCO001,*,*,*,*,*,*
1851,29-WCP001,1,24,3,5,0,100
1852,29-WCR001,11,38,0,2,0,144
1853,29-WCR002,*,*,*,*,*,*
1854,29-WCS001,*,*,*,*,*,*
1855,29-WCU001,8,200,8,11,4,406
1856,29-WCU002,14,172,5,10,5,508
1857,29-WCV001,*,*,*,*,*,*
1858,29-WCW001,21,59,6,12,0,322
1859,29-WCW002,19,78,6,17,3,458
1860,29-WHV001,34,173,7,25,1,723
1861,29-WHV002,19,100,4,15,1,391
1862,29-WHV003,19,180,6,22,1,463
1863,29-WHV004,39,283,12,31,6,674
1864,29-WHV005,6,54,3,1,2,150
1865,29-WHV006,9,28,3,7,0,236
1866,29-WHV007,20,96,3,11,3,336
1867,29-WHV008,10,46,6,9,1,90
1868,29-WNO001,*,8,*,*,*,*
1869,29-WNO002,*,*,*,*,*,*
1870,29-WNO003,0,17,0,0,0,24
1871,3-AMA,11,19,3,1,0,151
1872,3-BEN,6,35,2,3,0,224
1873,3-CLK,11,27,1,1,6,218
1874,3-COR,5,9,0,2,4,87
1875,3-COV,11,24,5,8,2,180
1876,3-CY,13,42,0,15,2,316
1877,3-HYD01,24,142,2,15,3,875
1878,3-HYD02,34,160,6,15,8,703
1879,3-HYR01,28,99,5,17,3,406
1880,3-HYR02,10,45,4,12,1,240
1881,3-HYR03,21,97,5,19,1,485
1882,3-HYR04,32,71,5,21,5,583
1883,3-HYR05,25,70,8,18,0,347
1884,3-LEW01,16,43,0,17,0,316
1885,3-LEW02,11,25,4,8,0,190
1886,3-LOG01-1,4,104,8,10,0,114
1887,3-LOG01-CSD,1,44,1,3,0,42
1888,3-LOG02,17,143,10,17,0,212
1889,3-LOG03,10,126,8,22,2,269
1890,3-LOG04,11,143,1,29,1,239
1891,3-LOG05,22,275,10,26,0,300
1892,3-LOG06,11,150,4,13,1,197
1893,3-LOG07,2,106,3,12,1,107
1894,3-LOG08,3,102,0,9,0,97
1895,3-LOG09,9,151,9,9,0,145
1896,3-LOG10,3,115,6,9,0,138
1897,3-LOG11,12,103,3,7,0,157
1898,3-LOG12,4,87,2,16,1,111
1899,3-LOG13,14,266,3,11,3,376
1900,3-LOG14,4,178,0,10,1,230
1901,3-LOG15,12,143,2,14,1,143
1902,3-LOG16,15,143,3,14,0,233
1903,3-LOG17,14,121,2,23,1,233
1904,3-LOG18,4,76,8,5,0,127
1905,3-LOG19,9,69,2,9,0,174
1906,3-LOG20,8,185,3,17,1,401
1907,3-LOG21,9,166,3,12,2,225
1908,3-LOG22,17,225,8,8,1,459
1909,3-LOG23,4,116,1,6,1,141
1910,3-LOG24,8,99,3,9,2,110
1911,3-LOG25,16,134,6,21,4,267
1912,3-LOG26,7,133,5,13,0,250
1913,3-LOG27-1,11,107,11,10,4,283
1914,3-LOG27-17C,2,0,0,0,0,1
1915,3-LOG27-U,0,1,0,0,0,5
1916,3-LOG28,7,38,0,2,0,88
1917,3-LOG29-1,8,194,3,11,0,459
1918,3-LOG29-CSD,0,3,0,0,0,0
1919,3-LOG30,17,182,6,12,5,328
1920,3-LOG31,10,156,4,26,0,191
1921,3-LOG32,9,80,2,11,1,141
1922,3-LOG33-1,17,104,4,18,1,235
1923,3-LOG33-5,3,34,2,2,0,78
1924,3-LOG33-CSD,0,10,0,0,0,29
1925,3-LOG37-CSD,2,9,0,2,0,66
1926,3-MEN01,10,10,0,5,0,56
1927,3-MEN02,31,118,4,27,2,735
1928,3-MIL17,1,18,4,0,0,86
1929,3-MIL25,17,88,3,12,1,606
1930,3-NEW,18,54,2,6,1,328
1931,3-NIB01,25,164,12,33,2,660
1932,3-NIB03,34,118,4,11,2,618
1933,3-NIB17,16,83,1,18,4,416
1934,3-NIB25,0,0,0,0,0,14
1935,3-NLG01,12,244,6,27,2,400
1936,3-NLG02,3,117,2,12,1,388
1937,3-NLG03,14,76,5,15,2,429
1938,3-NLG04,22,101,1,12,0,596
1939,3-NLG05,21,152,2,15,2,472
1940,3-NLG06,17,138,2,9,0,429
1941,3-PAR,40,104,10,14,2,620
1942,3-PRO01,16,92,0,9,1,487
1943,3-PRO02,14,139,9,16,2,618
1944,3-PRO03,14,109,3,10,0,500
1945,3-PRO04,17,127,1,14,1,370
1946,3-PRO05,9,92,4,18,0,403
1947,3-RCH01,20,64,4,9,2,354
1948,3-RCH02,20,69,10,14,5,397
1949,3-RVH01,7,100,3,5,2,207
1950,3-RVH02,12,104,3,15,0,410
1951,3-SMI01,26,64,7,16,0,426
1952,3-SMI02,15,97,3,19,0,477
1953,3-SMI03,26,103,8,19,2,496
1954,3-SMI04,20,103,4,14,3,559
1955,3-SMI05,16,81,5,14,1,488
1956,3-SMI06,27,77,6,10,0,417
1957,3-SMI07,29,112,10,29,2,518
1958,3-TRE,11,23,2,6,0,150
1959,3-WEL01,16,28,3,7,2,311
1960,3-WEL02,33,56,1,7,1,417
1961,3-WEL03,13,34,2,6,2,319
1962,3-WEL04,14,66,3,13,0,445
1963,4-02 Scofield,0,7,4,1,0,14
1964,4-03 Pleasant Valley,0,5,3,0,0,7
1965,4-07 East Helper,21,138,13,16,0,120
1966,4-16 South Price,16,138,11,11,1,253
1967,4-17 East Price,8,102,16,16,1,214
1968,4-19 Wellington,15,95,20,13,2,326
1969,4-20 East Carbon,22,195,23,9,2,255
1970,4-21 West Helper,13,170,15,7,1,225
1971,4-22 East County,27,71,10,11,0,348
1972,4-27 Fairgrounds,8,47,4,4,0,142
1973,4-30 Castle Hts North,13,99,8,9,0,324
1974,4-31 Central Price,6,66,11,4,1,143
1975,4-32 North East Pric,3,95,8,8,1,225
1976,4-33 North Price,11,87,10,8,0,222
1977,4-34 Castle Heights,12,80,8,4,1,264
1978,4-36 South County,10,76,12,11,2,237
1979,4-37 Spring Glen,26,160,20,19,1,327
1980,4-38 Carbonville,13,115,12,4,1,305
1981,4-39 Westwood,13,96,6,7,1,353
1982,4-40 Miller Creek,0,37,6,6,0,83
1983,"5-1001:DS1, SD1",0,22,0,1,0,46
1984,"5-1001:DS2, SD2",0,6,0,0,0,28
1985,5-1002,5,28,3,2,0,138
1986,"5-1002:MS3,SD3",4,9,0,3,0,67
1987,5-1002:SD2,0,15,3,1,0,54
1988,5-1003:SD1,2,0,0,0,0,2
1989,6-BO01:I-S-,14,196,11,14,0,434
1990,6-BO02:I-S-,12,166,5,15,0,400
1991,6-BO03:I-S-,9,149,5,12,0,371
1992,6-BO04,18,156,3,14,0,420
1993,6-BO05:I-S-,14,104,5,15,0,342
1994,6-BO06:I-S-,13,216,9,22,0,399
1995,6-BO07:I-S-,14,228,12,24,0,360
1996,6-BO08:I-S-,10,168,14,16,0,429
1997,6-BO09:I-S-,14,134,7,13,0,530
1998,6-BO10,10,105,11,13,0,518
1999,6-BO11:I-S-,9,121,3,5,0,533
2000,6-BO12:I-S-,14,162,6,10,0,509
2001,6-BO13:I-S-,8,135,8,18,0,320
2002,6-BO14:I-S-,4,109,6,8,0,233
2003,6-BO15:I-S-,9,113,5,10,0,263
2004,6-BO16:I-S-,13,181,3,15,0,482
2005,6-BO17,14,124,8,9,0,519
2006,6-BO18,7,199,9,14,0,453
2007,6-BO19:I-S-,23,176,4,17,0,493
2008,6-BO20:I-S-,2,130,4,14,0,398
2009,6-BO21:I-S-,7,200,6,15,0,444
2010,6-BO22:I-S-,19,194,2,19,0,429
2011,6-BO23,18,257,16,23,0,564
2012,6-BO24:I-S-,11,93,8,5,0,132
2013,6-BO25,17,235,18,14,0,512
2014,6-BO26:IDS-,8,190,10,15,0,440
2015,6-BO27:I-S-,6,110,2,10,0,336
2016,6-BO28,21,169,7,12,0,400
2017,6-BO29,6,138,4,9,0,402
2018,6-BO30,4,59,4,10,0,266
2019,6-BO31,5,107,6,7,0,297
2020,6-BO32:I-S-,7,179,5,24,0,478
2021,6-BO33:I-S-,7,95,4,1,0,435
2022,6-CE01:I-S-,7,184,8,16,0,470
2023,6-CE02,14,100,0,9,0,528
2024,6-CE03:I-S-,17,141,6,9,0,467
2025,6-CE04,13,110,3,9,0,471
2026,6-CE05,18,99,6,11,0,385
2027,6-CE06:I-S-,15,191,9,15,0,494
2028,6-CE07:I-S-,19,138,5,16,0,620
2029,6-CE08,14,82,1,8,0,408
2030,6-CE09:I-S-,9,141,5,7,0,441
2031,6-CE10:I-S-,17,134,3,14,0,537
2032,6-CE11,20,179,10,16,0,362
2033,6-CE12:I-S-,18,128,5,12,0,499
2034,6-CF01:I-N-,22,134,11,12,0,317
2035,6-CF02:I-N-,9,121,11,11,0,332
2036,6-CF03:I-N-,14,106,12,11,0,245
2037,6-CF04:I-N-,25,236,17,30,0,377
2038,6-CF05:I-N-,19,158,18,15,0,315
2039,6-CF06:I-N-,27,187,20,28,0,336
2040,6-CF07:I-N-,16,129,16,15,0,211
2041,6-CF08:I-N-,16,134,21,15,0,278
2042,6-CF09:I-N-,19,122,15,18,0,226
2043,6-CF10,24,190,26,31,0,356
2044,6-CF11:I-N-,22,137,8,13,0,333
2045,6-CF12:I-N-,19,202,14,31,0,257
2046,6-CF13:I-N-,1,12,1,1,0,9
2047,6-CF14:I-N-,4,13,3,3,0,24
2048,6-CF15:I-N-,0,11,1,1,0,10
2049,6-CF16:I-N-,19,118,7,15,0,253
2050,6-CF17:I-N-,13,109,10,7,0,122
2051,6-CL01:I-N-,25,187,31,23,0,406
2052,6-CL02:I-N-,27,140,17,26,0,454
2053,6-CL03,15,72,10,12,0,246
2054,6-CL04:I-N-,12,131,13,21,0,326
2055,6-CL05:I-N-,2,36,0,4,0,154
2056,6-CL06:I-N-,15,161,21,23,0,488
2057,6-CL07:I-N-,21,172,11,22,0,399
2058,6-CL08:I-N-,22,145,20,16,0,374
2059,6-CL09:I-N-,21,170,17,23,0,389
2060,6-CL10:I-N-,3,72,7,20,0,104
2061,6-CL11:I-N-,29,179,11,10,0,481
2062,6-CL12:I-N-,19,128,20,16,0,405
2063,6-CL13:I-N-,18,147,11,19,0,348
2064,6-FA01,4,73,2,10,0,320
2065,6-FA02,11,152,13,20,0,456
2066,6-FA03:I-C-,6,179,8,13,0,286
2067,6-FA04,17,143,2,2,0,481
2068,6-FA05:IBC-,2,104,5,9,0,477
2069,6-FA06,11,141,9,18,0,582
2070,6-FA07:IBC-,8,107,9,4,0,414
2071,6-FA08,9,136,8,12,0,426
2072,6-FA09:IBC-,12,171,7,22,0,624
2073,6-FA10,11,110,3,18,0,497
2074,6-FA11:IBC-,4,134,4,11,0,553
2075,6-FA12,16,83,7,15,0,392
2076,6-FA13:IBC-,7,97,2,7,0,395
2077,6-FA14:I-C-,9,99,6,8,0,296
2078,6-FA15:IBC-,6,82,1,8,0,260
2079,6-FA16:IBC-,8,79,4,6,0,263
2080,6-FH01:I-C-,4,64,1,6,0,357
2081,6-FH02,11,103,4,9,0,536
2082,6-FH03,16,148,14,16,0,588
2083,6-FH04,9,75,3,11,0,465
2084,6-FH05:I-C-,7,74,3,7,0,320
2085,6-HA01,0,5,0,3,0,13
2086,6-HA02,0,2,0,0,0,5
2087,6-HA03:U-N-,0,0,0,0,0,0
2088,6-KA01:I-C-,20,132,7,13,0,522
2089,6-KA02:I-C-,15,111,10,15,0,604
2090,6-KA03:I-C-,7,102,15,19,0,499
2091,6-KA04:I-C-,6,94,5,15,0,337
2092,6-KA05,14,157,9,18,0,393
2093,6-KA06,21,134,9,17,0,583
2094,6-KA07:I-C-,8,108,2,12,0,396
2095,6-KA08,9,106,8,9,0,466
2096,6-KA09,12,119,1,13,0,387
2097,6-KA10:I-C-,17,166,8,13,0,540
2098,6-KA11,14,73,5,14,0,631
2099,6-KA12,12,61,6,7,0,412
2100,6-KA13:IBC-,22,88,3,8,0,425
2101,6-KA14,6,67,6,12,0,436
2102,6-KA15:IBC-,15,65,6,8,0,416
2103,6-KA16:IBC-,5,68,6,9,0,466
2104,6-KA17,10,85,4,11,0,569
2105,6-KA18:I-C-,3,56,7,7,0,416
2106,6-KA19,18,77,7,9,0,481
2107,6-KA20,10,51,5,14,0,446
2108,6-KA21,11,83,5,11,0,388
2109,6-KA22:I-C-,15,56,6,10,0,451
2110,6-LA01,9,100,4,11,0,336
2111,6-LA02,22,213,9,20,0,510
2112,6-LA03:I-N-,9,106,5,18,0,271
2113,6-LA04,15,115,6,21,0,276
2114,6-LA05:I-N-,14,137,7,21,0,298
2115,6-LA06:I-N-,24,137,13,17,0,507
2116,6-LA07:I-N-,12,196,12,25,0,482
2117,6-LA08:I-N-,9,107,6,10,0,257
2118,6-LA09,10,139,9,18,0,352
2119,6-LA10:I-N-,22,161,14,20,0,285
2120,6-LA11:I-N-,9,113,9,11,0,303
2121,6-LA12:I-N-,24,243,13,20,0,466
2122,6-LA13:I-N-,10,156,11,11,0,245
2123,6-LA14:I-N-,16,186,11,28,0,208
2124,6-LA15:I-N-,25,207,15,18,0,405
2125,6-LA16:I-N-,12,104,3,13,0,280
2126,6-LA17:I-N-,10,147,13,24,0,318
2127,6-LA18:I-N-,10,96,4,12,0,325
2128,6-LA19:I-N-,18,164,14,28,0,372
2129,6-LA20:I-N-,15,178,12,20,0,585
2130,6-LA21:I-N-,18,122,6,11,0,387
2131,6-LA22:I-N-,24,170,5,12,0,466
2132,6-LA23:I-N-,17,192,9,20,0,504
2133,6-LA24,21,190,10,18,0,549
2134,6-LA25:I-N-,3,58,0,7,0,230
2135,6-LA26:I-N-,17,184,10,28,0,581
2136,6-LA27:I-N-,9,179,18,21,0,317
2137,6-LA28:I-N-,13,140,14,24,0,209
2138,6-LA29:I-N-,10,59,6,5,0,94
2139,6-LA30:I-N-,13,197,20,30,0,322
2140,6-LA31:I-N-,12,149,14,15,0,393
2141,6-LA32:I-N-,19,116,14,18,0,375
2142,6-LA33,15,87,6,14,0,447
2143,6-LA34,8,75,1,4,0,310
2144,6-LA35,14,80,4,11,0,396
2145,6-LA36,20,122,9,15,0,529
2146,6-LA37,19,110,2,15,0,488
2147,6-LA38,15,175,15,29,0,384
2148,6-LA39,23,141,23,28,0,397
2149,6-LA40:I-N-,14,192,15,22,0,446
2150,6-LA41,18,191,12,16,0,581
2151,6-LA42:I-N-,17,127,15,23,0,329
2152,6-LA43:I-N-,18,168,17,23,0,323
2153,6-LA44,14,93,2,12,0,509
2154,6-LA45:I-N-,15,123,6,9,0,283
2155,6-LA46:I-N-,3,54,3,8,0,436
2156,6-LA47:I-N-,4,66,2,6,0,318
2157,6-NS01:I-S-,16,258,5,13,1,436
2158,6-NS02,26,388,23,28,0,546
2159,6-NS03,15,273,12,34,0,410
2160,6-NS04:I-S-,9,299,19,27,0,416
2161,6-NS05,10,85,4,2,0,418
2162,6-NS06,8,165,6,8,0,413
2163,6-NS07:UDS-,8,115,9,14,0,217
2164,6-NS08,13,223,3,10,0,460
2165,6-NS09:I-S-,12,302,15,24,0,415
2166,6-NS10:I-S-,7,251,5,31,0,353
2167,6-NS11:I-S-,6,121,4,7,0,457
2168,6-SU01:I-N-,12,112,16,14,0,194
2169,6-SU02:I-N-,18,166,25,15,0,303
2170,6-SU03:I-N-,15,164,20,25,0,407
2171,6-SW01,24,175,10,25,0,723
2172,6-SW02,17,175,10,21,0,669
2173,6-SW03,29,186,14,25,0,750
2174,6-SW04:U---,0,2,0,0,0,1
2175,6-SY01:I-N-,22,159,13,20,0,556
2176,6-SY02,19,81,16,18,0,334
2177,6-SY03:I-N-,24,109,5,22,0,435
2178,6-SY04:I-N-,21,154,15,16,0,509
2179,6-SY05:I-N-,10,109,4,14,0,339
2180,6-SY06:I-N-,13,52,7,6,0,364
2181,6-SY07:I-N-,12,71,8,11,0,252
2182,6-SY08:I-N-,18,118,11,17,0,494
2183,6-SY09,9,71,3,5,0,331
2184,6-SY10:I-N-,19,117,9,6,0,475
2185,6-SY11,14,76,8,8,0,303
2186,6-SY12:I-N-,8,88,2,11,0,562
2187,6-SY13:I-N-,20,165,17,21,0,429
2188,6-SY14:I-N-,12,125,9,16,0,398
2189,6-SY15:I-N-,0,0,0,0,0,0
2190,6-SY16:I-N-,15,78,6,14,0,460
2191,6-SY17:I-N-,14,111,10,16,0,386
2192,6-SY18:I-N-,13,117,8,21,0,529
2193,6-SY19:I-N-,18,89,9,18,0,340
2194,6-WB01:I-S-,19,106,4,9,0,399
2195,6-WB02:I-S-,18,158,16,11,0,554
2196,6-WB03:I-S-,30,156,7,19,0,531
2197,6-WB04,9,105,10,4,0,248
2198,6-WP01:I-N-,25,131,6,22,0,461
2199,6-WP02,18,88,15,17,0,387
2200,6-WP03:I-N-,21,83,9,12,0,328
2201,6-WP04:I-N-,17,110,18,16,0,458
2202,6-WP05,27,112,9,15,0,488
2203,6-WP06:I-N-,22,110,13,16,0,279
2204,6-WP07,4,25,5,6,0,165
2205,6-WP08:I-N-,14,64,9,13,0,319
2206,6-WX01,17,108,10,12,0,199
2207,6-WX02:I-S-,3,170,6,19,0,519
2208,6-WX03:I-S-,15,239,18,20,0,503
2209,6-WX04,11,124,10,6,0,175
2210,6-WX05:I-S-,6,178,17,20,0,357
2211,6-WX06,3,108,4,6,0,247
2212,6-WX07:I-S-,8,155,12,21,0,387
2213,7-AL11,15,12,1,3,0,215
2214,7-AL12,1,6,1,0,0,53
2215,7-AR11,21,11,0,0,0,67
2216,7-BB11,24,16,2,8,1,173
2217,7-BB21,4,4,1,2,0,74
2218,7-CE11,15,23,3,7,2,181
2219,7-DU11,32,30,1,0,0,180
2220,7-DU12,52,17,4,1,0,157
2221,7-DU21,31,21,5,3,2,147
2222,7-DU22,43,22,6,0,1,227
2223,7-FR11,20,46,5,4,0,113
2224,7-FR21,3,10,0,2,0,61
2225,7-MH11,17,40,3,4,0,283
2226,7-MY11,22,19,0,6,0,123
2227,7-MY12,16,24,1,4,0,87
2228,7-NE11,24,12,1,6,0,175
2229,7-NE21,11,27,2,9,0,161
2230,7-RO12,5,23,7,6,0,10
2231,7-RO21,2,4,1,2,0,24
2232,7-RO22,19,24,4,4,0,255
2233,7-RO32,15,22,5,3,1,103
2234,7-RO41,19,12,3,5,0,237
2235,7-RO42,4,17,4,5,0,124
2236,7-RO51,0,10,0,2,0,105
2237,7-RO52,6,9,6,9,1,168
2238,7-RO62,11,19,1,1,0,229
2239,7-RO71,12,19,4,2,2,130
2240,7-RO72,6,13,0,2,0,111
2241,7-RO81,13,13,0,7,0,134
2242,7-RO82,3,18,1,0,0,50
2243,7-RO91,0,0,0,0,0,4
2244,7-RO92,4,4,2,2,0,53
2245,7-TA11,15,16,2,3,0,169
2246,7-TA12,5,6,0,0,0,45
2247,8-Canvas,1,1,0,0,0,6
2248,8-Castle Dale 6,5,39,14,4,0,222
2249,8-Castle Dale 7,6,45,6,8,1,268
2250,8-Clawson 4,5,12,5,2,0,80
2251,8-Cleveland 10,6,43,11,10,0,296
2252,8-Elmo 11,7,36,14,7,0,178
2253,8-Emery 1,5,16,7,2,0,109
2254,8-Ferron 2,7,32,16,6,1,307
2255,8-Ferron 3,7,54,21,6,1,234
2256,8-Green River 12,13,58,10,4,1,238
2257,8-Huntington 8,12,55,20,9,0,329
2258,8-Huntington 9,8,59,24,8,0,305
2259,8-Orangeville 5,6,59,21,7,1,261
2260,9-Antimony AN1:1,5,5,0,1,0,55
2261,9-Boulder BO2:1,14,140,0,4,0,73
2262,9-Bryce Canyon City BR11:1,0,3,0,0,0,27
2263,9-Cannonville CA3:1,2,2,1,1,0,64
2264,9-Escalante ES4:1,8,116,9,4,0,290
2265,9-Hatch HA5:1,8,15,1,6,0,110
2266,9-Henrieville HE6:1,3,14,0,2,0,94
2267,9-Panguitch 1 PA7:1,18,37,3,12,0,374
2268,9-Panguitch 2 PA8:1,11,28,4,2,0,315
2269,9-Ticaboo TI9:1,0,4,0,1,0,10
2270,9-Tropic TR10:1,2,24,1,3,0,214
